초등학교명,행정복지센터,법정동(읍∙면),법정리(통),행정리(반),구역(번지),제외 구역(번지),공동주택명,초등학교 공동학구,초등학교 공동(일방)학구,참고,중학구,중학교 공동학구,중학교 공동(일방)학구,추첨학교
국원초,교현·안림동,교현동,13통/14통,,,,,충주교현초, 대미초/산척초/엄정초,,충주시학교군(추첨),,,충일중(남)/충주미덕중(남)/충주북여자중(북여중)/충주여자중(여중)/충주예성여자중(예성여중)/충주중앙중/충주중(남)/칠금중/탄금중
국원초,교현·안림동,교현동,15통,3반/4반,,제외- 야현1길 동북쪽/갱고개길 서쪽지역,,충주교현초, 대미초/산척초/엄정초,야현1길 동북쪽/갱고개길 서쪽지역-충주교현초 학구,충주시학교군(추첨),,,충일중(남)/충주미덕중(남)/충주북여자중(북여중)/충주여자중(여중)/충주예성여자중(예성여중)/충주중앙중/충주중(남)/칠금중/탄금중
국원초,교현·안림동,안림동,3통,1반/2반/3반/4반/5반/6반,,,,충주교현초/충주성남초, 대미초/산척초/엄정초,,충주시학교군(추첨),,,충일중(남)/충주미덕중(남)/충주북여자중(북여중)/충주여자중(여중)/충주예성여자중(예성여중)/충주중앙중/충주중(남)/칠금중/탄금중
국원초,교현·안림동,안림동,9통/10통,,,,충주엘리시아아파트,연수초, 대미초/산척초/엄정초,,충주시학교군(추첨),,,충일중(남)/충주미덕중(남)/충주북여자중(북여중)/충주여자중(여중)/충주예성여자중(예성여중)/충주중앙중/충주중(남)/칠금중/탄금중
국원초,교현·안림동,안림동,11통/12통/13통/14통/15통/16통,,,제외- 13통 4반 중 952-22/952-25,충주안림LH천년나무아파트1단지/충주안림LH천년나무아파트2단지/충주2차푸르지오아파트,충주교현초, 대미초/산척초/엄정초,13통 4반 중 952-22/952-25(충주안림LH천년나무아파트2단지202동104호~1204호/105호~1205호/106호~1206호)- 연수초 공동학구/대미초/산척초/엄정초 공동(일방)학구,충주시학교군(추첨),,,충일중(남)/충주미덕중(남)/충주북여자중(북여중)/충주여자중(여중)/충주예성여자중(예성여중)/충주중앙중/충주중(남)/칠금중/탄금중
국원초,교현·안림동,안림동,13통,4반, 952-22번지/952-25번지,,충주안림LH천년나무2단지아파트202동104호~1204호/충주안림LH천년나무2단지아파트105호~1205호/충주안림LH천년나무2단지아파트106호~1206호,연수초, 대미초/산척초/엄정초,,충주시학교군(추첨),,,충일중(남)/충주미덕중(남)/충주북여자중(북여중)/충주여자중(여중)/충주예성여자중(예성여중)/충주중앙중/충주중(남)/칠금중/탄금중
국원초,교현·안림동,연수동,44통/45통/46통/56통/57통/58통,,,,유원1차아파트/유원2차아파트,연수초, 대미초/산척초/엄정초,,충주시학교군(추첨),,,충일중(남)/충주미덕중(남)/충주북여자중(북여중)/충주여자중(여중)/충주예성여자중(예성여중)/충주중앙중/충주중(남)/칠금중/탄금중
국원초,교현·안림동,연수동,78통/79통/80통,,,,연수힐스테이트아파트,연수초, 대미초/산척초/엄정초,,충주시학교군(추첨),,,충일중(남)/충주미덕중(남)/충주북여자중(북여중)/충주여자중(여중)/충주예성여자중(예성여중)/충주중앙중/충주중(남)/칠금중/탄금중
국원초,교현·안림동,연수동,81통/82통/85통/86통,,,,연수리슈빌아파트,연수초, 대미초/산척초/엄정초,,충주시학교군(추첨),,,충일중(남)/충주미덕중(남)/충주북여자중(북여중)/충주여자중(여중)/충주예성여자중(예성여중)/충주중앙중/충주중(남)/칠금중/탄금중
단월초,달천동,가주동,,,,,,,,,충주시학교군(추첨),,,충일중(남)/충주미덕중(남)/충주북여자중(북여중)/충주여자중(여중)/충주예성여자중(예성여중)/충주중앙중/충주중(남)/칠금중/탄금중
단월초,달천동,단월동,,,,,,,,,충주시학교군(추첨),,,충일중(남)/충주미덕중(남)/충주북여자중(북여중)/충주여자중(여중)/충주예성여자중(예성여중)/충주중앙중/충주중(남)/칠금중/탄금중
단월초,달천동,달천동,,,,,,,,,충주시학교군(추첨),,,충일중(남)/충주미덕중(남)/충주북여자중(북여중)/충주여자중(여중)/충주예성여자중(예성여중)/충주중앙중/충주중(남)/칠금중/탄금중
단월초,달천동,풍동,,,,,,,,,충주시학교군(추첨),,,충일중(남)/충주미덕중(남)/충주북여자중(북여중)/충주여자중(여중)/충주예성여자중(예성여중)/충주중앙중/충주중(남)/칠금중/탄금중
단월초,호암·직동,호암동,4통,3반,,,,,충주남한강초(큰학교)/세성초/수회초/수안보초/달천초매현분교장/달천초,,충주시학교군(추첨),,,충일중(남)/충주미덕중(남)/충주북여자중(북여중)/충주여자중(여중)/충주예성여자중(예성여중)/충주중앙중/충주중(남)/칠금중/탄금중
단월초,호암·직동,호암동,29통/30통/31통/32통/33통/34통/35통/36통/37통/38통/39통/40통/41통,,,,,,충주남한강초(큰학교)/세성초/수회초/수안보초/달천초매현분교장/달천초,,충주시학교군(추첨),,,충일중(남)/충주미덕중(남)/충주북여자중(북여중)/충주여자중(여중)/충주예성여자중(예성여중)/충주중앙중/충주중(남)/칠금중/탄금중
달천초,달천동,용두동/용관동,,,,,,,,,충주시학교군(추첨),,,충일중(남)/충주미덕중(남)/충주북여자중(북여중)/충주여자중(여중)/충주예성여자중(예성여중)/충주중앙중/충주중(남)/칠금중/탄금중
달천초,대소원면,대소원면,두정리,산정,,,,,,두담- 충주달천초매현분교 학구,충주시학교군(추첨),,,충일중(남)/충주미덕중(남)/충주북여자중(북여중)/충주여자중(여중)/충주예성여자중(예성여중)/충주중앙중/충주중(남)/칠금중/탄금중
달천초,대소원면,대소원면,만정리,만적/독정1/독정2,,,,,,황대- 충주대소원초 학구,충주시학교군(추첨),,,충일중(남)/충주미덕중(남)/충주북여자중(북여중)/충주여자중(여중)/충주예성여자중(예성여중)/충주중앙중/충주중(남)/칠금중/탄금중
달천초,대소원면,대소원면,검단리,상검단/하검단/중검단,,,,,,,충주시학교군(추첨),,,충일중(남)/충주미덕중(남)/충주북여자중(북여중)/충주여자중(여중)/충주예성여자중(예성여중)/충주중앙중/충주중(남)/칠금중/탄금중
달천초,호암·직동,호암동,4통,3반,,,,,충주남한강초(큰학교)/세성초/수회초/수안보초/달천초매현분교장/단월초,,충주시학교군(추첨),,,충일중(남)/충주미덕중(남)/충주북여자중(북여중)/충주여자중(여중)/충주예성여자중(예성여중)/충주중앙중/충주중(남)/칠금중/탄금중
달천초,호암·직동,호암동,29통/30통/31통/32통/33통/34통/35통/36통/37통/38통/39통/40통/41통,,,,,,충주남한강초(큰학교)/세성초/수회초/수안보초/달천초매현분교장/단월초,,충주시학교군(추첨),,,충일중(남)/충주미덕중(남)/충주북여자중(북여중)/충주여자중(여중)/충주예성여자중(예성여중)/충주중앙중/충주중(남)/칠금중/탄금중
목행초,목행·용탄동,목행동/용탄동,,,,,,,,,충주시학교군(추첨),,,충일중(남)/충주미덕중(남)/충주북여자중(북여중)/충주여자중(여중)/충주예성여자중(예성여중)/충주중앙중/충주중(남)/칠금중/탄금중
목행초,칠금·금릉동,금릉동,1통,,,,,,,2통- 충주금릉초 학구,충주시학교군(추첨),,,충일중(남)/충주미덕중(남)/충주북여자중(북여중)/충주여자중(여중)/충주예성여자중(예성여중)/충주중앙중/충주중(남)/칠금중/탄금중
연수초,교현·안림동,안림동,9통/10통,,,,충주엘리시아아파트,국원초,대미초/산척초/엄정초,,충주시학교군(추첨),,,충일중(남)/충주미덕중(남)/충주북여자중(북여중)/충주여자중(여중)/충주예성여자중(예성여중)/충주중앙중/충주중(남)/칠금중/탄금중
연수초,교현·안림동,안림동,13통,4반, 952-22번지/952-25번지,,충주안림LH천년나무2단지아파트202동104호~1204호/충주안림LH천년나무2단지아파트105호~1205호/충주안림LH천년나무2단지아파트106호~1206호,국원초,대미초/산척초/엄정초,,충주시학교군(추첨),,,충일중(남)/충주미덕중(남)/충주북여자중(북여중)/충주여자중(여중)/충주예성여자중(예성여중)/충주중앙중/충주중(남)/칠금중/탄금중
연수초,연수동,연수동,1통/2통/8통/9통/19통/20통/21통,,,,주공아파트110동~118동,,,,충주시학교군(추첨),,,충일중(남)/충주미덕중(남)/충주북여자중(북여중)/충주여자중(여중)/충주예성여자중(예성여중)/충주중앙중/충주중(남)/칠금중/탄금중
연수초,연수동,연수동,3통,1반/2반/3반,,,,,,4반- 충주금릉초,충주시학교군(추첨),,,충일중(남)/충주미덕중(남)/충주북여자중(북여중)/충주여자중(여중)/충주예성여자중(예성여중)/충주중앙중/충주중(남)/칠금중/탄금중
연수초,연수동,연수동,7통,1반/2반/3반/4반,,,,,,,충주시학교군(추첨),,,충일중(남)/충주미덕중(남)/충주북여자중(북여중)/충주여자중(여중)/충주예성여자중(예성여중)/충주중앙중/충주중(남)/칠금중/탄금중
연수초,연수동,연수동,18통,3반/4반/5반/6반,,,주공아파트108동~109동,,,,충주시학교군(추첨),,,충일중(남)/충주미덕중(남)/충주북여자중(북여중)/충주여자중(여중)/충주예성여자중(예성여중)/충주중앙중/충주중(남)/칠금중/탄금중
연수초,연수동,연수동,26통/38통/39통/40통/47통/48통/49통/50통/51통/52통/53통/54통,,,,주공아파트201동~303동,,,,충주시학교군(추첨),,,충일중(남)/충주미덕중(남)/충주북여자중(북여중)/충주여자중(여중)/충주예성여자중(예성여중)/충주중앙중/충주중(남)/칠금중/탄금중
연수초,연수동,연수동,44통/45통/46통/56통/57통/58통,,,,유원1차아파트/2차아파트,국원초,대미초/산척초/엄정초,,충주시학교군(추첨),,,충일중(남)/충주미덕중(남)/충주북여자중(북여중)/충주여자중(여중)/충주예성여자중(예성여중)/충주중앙중/충주중(남)/칠금중/탄금중
연수초,연수동,연수동,76통/77통,,,,연수주공6단지아파트,,,,충주시학교군(추첨),,,충일중(남)/충주미덕중(남)/충주북여자중(북여중)/충주여자중(여중)/충주예성여자중(예성여중)/충주중앙중/충주중(남)/칠금중/탄금중
연수초,연수동,연수동,78통/79통/80통,,,,연수힐스테이트아파트,국원초,대미초/산척초/엄정초,,충주시학교군(추첨),,,충일중(남)/충주미덕중(남)/충주북여자중(북여중)/충주여자중(여중)/충주예성여자중(예성여중)/충주중앙중/충주중(남)/칠금중/탄금중
연수초,연수동,연수동,81통/82통/85통/86통,,,,연수리슈빌아파트,국원초,대미초/산척초/엄정초,,충주시학교군(추첨),,,충일중(남)/충주미덕중(남)/충주북여자중(북여중)/충주여자중(여중)/충주예성여자중(예성여중)/충주중앙중/충주중(남)/칠금중/탄금중
연수초,연수동,연수동,83통/84통,,,,연수휴먼시아7단지아파트,,,,충주시학교군(추첨),,,충일중(남)/충주미덕중(남)/충주북여자중(북여중)/충주여자중(여중)/충주예성여자중(예성여중)/충주중앙중/충주중(남)/칠금중/탄금중
연수초,연수동,연수동,87통/88통/89통,,,,연수세영리첼1단지/2단지아파트,,,,충주시학교군(추첨),,,충일중(남)/충주미덕중(남)/충주북여자중(북여중)/충주여자중(여중)/충주예성여자중(예성여중)/충주중앙중/충주중(남)/칠금중/탄금중
연수초,연수동,연수동,92통,,,,,,,,충주시학교군(추첨),,,충일중(남)/충주미덕중(남)/충주북여자중(북여중)/충주여자중(여중)/충주예성여자중(예성여중)/충주중앙중/충주중(남)/칠금중/탄금중
충주교현초,교현·안림동,교현동,3통/4통/5통/6통/7통/8통/9통/10통/11통/12통/16통/17통/18통/19통/22통/23통/24통/34통/35통/36통/37통/38통/39통/40통/41통/42통/43통/44통,,,,충일아파트/금산아파트/신원아파트/동아아파트,,,,충주시학교군(추첨),,,충일중(남)/충주미덕중(남)/충주북여자중(북여중)/충주여자중(여중)/충주예성여자중(예성여중)/충주중앙중/충주중(남)/칠금중/탄금중
충주교현초,교현·안림동,교현동,13통/14통,,,,,국원초,대미초/산척초/엄정초,,충주시학교군(추첨),,,충일중(남)/충주미덕중(남)/충주북여자중(북여중)/충주여자중(여중)/충주예성여자중(예성여중)/충주중앙중/충주중(남)/칠금중/탄금중
충주교현초,교현·안림동,교현동,15통,1반/2반,,,,,,,충주시학교군(추첨),,,충일중(남)/충주미덕중(남)/충주북여자중(북여중)/충주여자중(여중)/충주예성여자중(예성여중)/충주중앙중/충주중(남)/칠금중/탄금중
충주교현초,교현·안림동,교현동,15통,3반/4반,,,,국원초 [제외- 야현1길 동북쪽/갱고개길 서쪽지역],대미초/산척초/엄정초,야현1길 동북쪽/갱고개길 서쪽지역- 충주교현초 학구,충주시학교군(추첨),,,충일중(남)/충주미덕중(남)/충주북여자중(북여중)/충주여자중(여중)/충주예성여자중(예성여중)/충주중앙중/충주중(남)/칠금중/탄금중
충주교현초,교현·안림동,교현동,47통,,,,삼익마에스트로,,,,충주시학교군(추첨),,,충일중(남)/충주미덕중(남)/충주북여자중(북여중)/충주여자중(여중)/충주예성여자중(예성여중)/충주중앙중/충주중(남)/칠금중/탄금중
충주교현초,성내·충인동,성내동,,,,,,,,,충주시학교군(추첨),,,충일중(남)/충주미덕중(남)/충주북여자중(북여중)/충주여자중(여중)/충주예성여자중(예성여중)/충주중앙중/충주중(남)/칠금중/탄금중
충주교현초,성내·충인동,성서동,1통,1반/2반/3반/4반/5반,,,,,,,충주시학교군(추첨),,,충일중(남)/충주미덕중(남)/충주북여자중(북여중)/충주여자중(여중)/충주예성여자중(예성여중)/충주중앙중/충주중(남)/칠금중/탄금중
충주교현초,성내·충인동,성서동,2통,1반/2반/3반/4반/5반/6반,,,,,,,충주시학교군(추첨),,,충일중(남)/충주미덕중(남)/충주북여자중(북여중)/충주여자중(여중)/충주예성여자중(예성여중)/충주중앙중/충주중(남)/칠금중/탄금중
충주교현초,성내·충인동,성서동,3통,,,,,,,,충주시학교군(추첨),,,충일중(남)/충주미덕중(남)/충주북여자중(북여중)/충주여자중(여중)/충주예성여자중(예성여중)/충주중앙중/충주중(남)/칠금중/탄금중
충주교현초,성내·충인동,성서동,4통/5통/6통,,,,현대아파트,,,,충주시학교군(추첨),,,충일중(남)/충주미덕중(남)/충주북여자중(북여중)/충주여자중(여중)/충주예성여자중(예성여중)/충주중앙중/충주중(남)/칠금중/탄금중
충주교현초,교현·안림동,안림동,3통,1반/2반/3반/4반/5반/6반,,,,국원초/충주성남초,대미초/산척초/엄정초,,충주시학교군(추첨),,,충일중(남)/충주미덕중(남)/충주북여자중(북여중)/충주여자중(여중)/충주예성여자중(예성여중)/충주중앙중/충주중(남)/칠금중/탄금중
충주교현초,교현·안림동,안림동,5통/6통/7통,,,,엘지아파트,,,,충주시학교군(추첨),,,충일중(남)/충주미덕중(남)/충주북여자중(북여중)/충주여자중(여중)/충주예성여자중(예성여중)/충주중앙중/충주중(남)/칠금중/탄금중
충주교현초,교현·안림동,안림동,8통,,,,신원아침도시아파트,,,,충주시학교군(추첨),,,충일중(남)/충주미덕중(남)/충주북여자중(북여중)/충주여자중(여중)/충주예성여자중(예성여중)/충주중앙중/충주중(남)/칠금중/탄금중
충주교현초,교현·안림동,안림동,11통/12통/13통/14통/15통/16통/17통,,,제외- 13통 4반 중 952-22/952-25,충주안림LH천년나무아파트1단지/충주안림LH천년나무아파트2단지/충주2차푸르지오아파트,국원초,대미초/산척초/엄정초,13통 4반 중 952-22/952-25(충주안림LH천년나무2단지아파트202동104호~1204호/105호~1205호/106호~1206호)- 국원초/연수초 공동학구 및 대미초/산척초/엄정초 공동(일방)학구,충주시학교군(추첨),,,충일중(남)/충주미덕중(남)/충주북여자중(북여중)/충주여자중(여중)/충주예성여자중(예성여중)/충주중앙중/충주중(남)/칠금중/탄금중
충주교현초,교현·안림동,안림동,17통,,,,,,,,충주시학교군(추첨),,,충일중(남)/충주미덕중(남)/충주북여자중(북여중)/충주여자중(여중)/충주예성여자중(예성여중)/충주중앙중/충주중(남)/칠금중/탄금중
충주금릉초,칠금·금릉동,금릉동,2통,,,,,,,,충주시학교군(추첨),,,충일중(남)/충주미덕중(남)/충주북여자중(북여중)/충주여자중(여중)/충주예성여자중(예성여중)/충주중앙중/충주중(남)/칠금중/탄금중
충주금릉초,연수동,연수동,3통,4반,,,,,,1~3반- 연수초,충주시학교군(추첨),,,충일중(남)/충주미덕중(남)/충주북여자중(북여중)/충주여자중(여중)/충주예성여자중(예성여중)/충주중앙중/충주중(남)/칠금중/탄금중
충주금릉초,연수동,연수동,4통,,,,,,,,충주시학교군(추첨),,,충일중(남)/충주미덕중(남)/충주북여자중(북여중)/충주여자중(여중)/충주예성여자중(예성여중)/충주중앙중/충주중(남)/칠금중/탄금중
충주금릉초,연수동,연수동,28통/29통/30통/31통/41통/42통,,,,두진아파트101동~202동,,,,충주시학교군(추첨),,,충일중(남)/충주미덕중(남)/충주북여자중(북여중)/충주여자중(여중)/충주예성여자중(예성여중)/충주중앙중/충주중(남)/칠금중/탄금중
충주금릉초,연수동,연수동,62통/63통/64통/68통/69통/70통/71통/72통/73통,,,,두진아파트301동~303동/부강아파트101동~102동/주공4단지아파트401동~501동,,,,충주시학교군(추첨),,,충일중(남)/충주미덕중(남)/충주북여자중(북여중)/충주여자중(여중)/충주예성여자중(예성여중)/충주중앙중/충주중(남)/칠금중/탄금중
충주금릉초,연수동,연수동,74통/75통/93통/94통,,,,연수아이파크아파트/센트럴푸르지오아파트,,,,충주시학교군(추첨),,,충일중(남)/충주미덕중(남)/충주북여자중(북여중)/충주여자중(여중)/충주예성여자중(예성여중)/충주중앙중/충주중(남)/칠금중/탄금중
충주남산초,용산동,용산동,7통/8통/9통/10통/12통/13통/14통/15통/16통/18통,,,,용산아파트,,,,충주시학교군(추첨),,,충일중(남)/충주미덕중(남)/충주북여자중(북여중)/충주여자중(여중)/충주예성여자중(예성여중)/충주중앙중/충주중(남)/칠금중/탄금중
충주남산초,용산동,용산동,11통,1반,,제외- 11통 1반중 1639~1641/1641의6/1999~2029/2032~2043번지,,,,11통 1반 중 1639~1641/1641의 6/1999~2029/2032~2043번지- 충주용산초 학구,충주시학교군(추첨),,,충일중(남)/충주미덕중(남)/충주북여자중(북여중)/충주여자중(여중)/충주예성여자중(예성여중)/충주중앙중/충주중(남)/칠금중/탄금중
충주남산초,용산동,용산동,39통/40통,,,,충주3차푸르지오아파트,,,,충주시학교군(추첨),,,충일중(남)/충주미덕중(남)/충주북여자중(북여중)/충주여자중(여중)/충주예성여자중(예성여중)/충주중앙중/충주중(남)/칠금중/탄금중
충주남산초,지현동,지현동,1통/2통/3통/4통/5통/6통,,,,,,,,충주시학교군(추첨),,,충일중(남)/충주미덕중(남)/충주북여자중(북여중)/충주여자중(여중)/충주예성여자중(예성여중)/충주중앙중/충주중(남)/칠금중/탄금중
충주남산초,지현동,지현동,7통,1반/2반,,,,,,,충주시학교군(추첨),,,충일중(남)/충주미덕중(남)/충주북여자중(북여중)/충주여자중(여중)/충주예성여자중(예성여중)/충주중앙중/충주중(남)/칠금중/탄금중
충주남산초,지현동,지현동,13통/14통/15통/19통,,,,,,,,충주시학교군(추첨),,,충일중(남)/충주미덕중(남)/충주북여자중(북여중)/충주여자중(여중)/충주예성여자중(예성여중)/충주중앙중/충주중(남)/칠금중/탄금중
충주남산초,지현동,지현동,16통,4반/5반,,,,,,,충주시학교군(추첨),,,충일중(남)/충주미덕중(남)/충주북여자중(북여중)/충주여자중(여중)/충주예성여자중(예성여중)/충주중앙중/충주중(남)/칠금중/탄금중
충주남산초,지현동,지현동,17통/18통,,,,현대아파트,,,,충주시학교군(추첨),,,충일중(남)/충주미덕중(남)/충주북여자중(북여중)/충주여자중(여중)/충주예성여자중(예성여중)/충주중앙중/충주중(남)/칠금중/탄금중
충주남산초,호암·직동,직동,,,,,,,,,충주시학교군(추첨),,,충일중(남)/충주미덕중(남)/충주북여자중(북여중)/충주여자중(여중)/충주예성여자중(예성여중)/충주중앙중/충주중(남)/칠금중/탄금중
충주남산초,호암·직동,호암동,1통/3통/4통,,,제외- 4통 3반,,,,4통 3반- 충주남한강초 학구,충주시학교군(추첨),,,충일중(남)/충주미덕중(남)/충주북여자중(북여중)/충주여자중(여중)/충주예성여자중(예성여중)/충주중앙중/충주중(남)/칠금중/탄금중
충주남산초,호암·직동,호암동,2통,,,,부강아파트,,,,충주시학교군(추첨),,,충일중(남)/충주미덕중(남)/충주북여자중(북여중)/충주여자중(여중)/충주예성여자중(예성여중)/충주중앙중/충주중(남)/칠금중/탄금중
충주남산초,호암·직동,호암동,6통/7통/8통/9통/10통/11통/12통/13통/14통/15통/16통/17통/18통/19통/20통/21통/22통/23통/24통/25통,,,제외- 10통 1반,세경아파트/호반현대아파트/진도아파트/부강아파트/호암리버빌아파트,,,10통 1반- 충주대림초 학구,충주시학교군(추첨),,,충일중(남)/충주미덕중(남)/충주북여자중(북여중)/충주여자중(여중)/충주예성여자중(예성여중)/충주중앙중/충주중(남)/칠금중/탄금중
충주남산초,호암·직동,호암동,26통,,,,수채아파트,,,,충주시학교군(추첨),,,충일중(남)/충주미덕중(남)/충주북여자중(북여중)/충주여자중(여중)/충주예성여자중(예성여중)/충주중앙중/충주중(남)/칠금중/탄금중
충주남산초,호암·직동,호암동,27통/28통,,,,세영더조은아파트,,,,충주시학교군(추첨),,,충일중(남)/충주미덕중(남)/충주북여자중(북여중)/충주여자중(여중)/충주예성여자중(예성여중)/충주중앙중/충주중(남)/칠금중/탄금중
충주남한강초,호암·직동,호암동,4통,3반,,,,,세성초/수회초/수안보초/달천초매현분교장/단월초/달천초,,충주시학교군(추첨),,,충일중(남)/충주미덕중(남)/충주북여자중(북여중)/충주여자중(여중)/충주예성여자중(예성여중)/충주중앙중/충주중(남)/칠금중/탄금중
충주남한강초,호암·직동,호암동,29통/30통/31통/32통/33통/34통/35통/36통/37통/38통/39통/40통/41통,,,,호암더휴7단지아파트/호암힐데스하임아파트/호암두진하트리움아파트/우미린에듀시티아파트/LH행복주택아파트/국민임대주택아파트/호암힐스테이트아파트/제일풍경채아파트,,세성초/수회초/수안보초/달천초매현분교장/단월초/달천초,,충주시학교군(추첨),,,충일중(남)/충주미덕중(남)/충주북여자중(북여중)/충주여자중(여중)/충주예성여자중(예성여중)/충주중앙중/충주중(남)/칠금중/탄금중
충주대림초,문화동,문화동,6통/9통/10통/17통/18통/21통/25통,,,,호수마을아파트,,,,충주시학교군(추첨),,,충일중(남)/충주미덕중(남)/충주북여자중(북여중)/충주여자중(여중)/충주예성여자중(예성여중)/충주중앙중/충주중(남)/칠금중/탄금중
충주대림초,문화동,문화동,7통/29통,,,,,충주성남초,,,충주시학교군(추첨),,,충일중(남)/충주미덕중(남)/충주북여자중(북여중)/충주여자중(여중)/충주예성여자중(예성여중)/충주중앙중/충주중(남)/칠금중/탄금중
충주대림초,문화동,문화동,8통,1반/2반/3반/4반/5반/6반,,,,충주성남초,,,충주시학교군(추첨),,,충일중(남)/충주미덕중(남)/충주북여자중(북여중)/충주여자중(여중)/충주예성여자중(예성여중)/충주중앙중/충주중(남)/칠금중/탄금중
충주대림초,문화동,문화동,12통/13통/14통/15통/16통/22통/23통/24통,,,,,,,,충주시학교군(추첨),,,충일중(남)/충주미덕중(남)/충주북여자중(북여중)/충주여자중(여중)/충주예성여자중(예성여중)/충주중앙중/충주중(남)/칠금중/탄금중
충주대림초,문화동,문화동,26통/27통/28통/30통/31통/32통/33통/34통/35통,,,,럭키아파트,,,,충주시학교군(추첨),,,충일중(남)/충주미덕중(남)/충주북여자중(북여중)/충주여자중(여중)/충주예성여자중(예성여중)/충주중앙중/충주중(남)/칠금중/탄금중
충주대림초,봉방동,봉방동,10통/11통/14통/15통/20통/21통/23통,,,,,,,,충주시학교군(추첨),,,충일중(남)/충주미덕중(남)/충주북여자중(북여중)/충주여자중(여중)/충주예성여자중(예성여중)/충주중앙중/충주중(남)/칠금중/탄금중
충주대림초,봉방동,봉방동,27통,1반/2반/3반/4반,,,모아미래도아파트,,,,충주시학교군(추첨),,,충일중(남)/충주미덕중(남)/충주북여자중(북여중)/충주여자중(여중)/충주예성여자중(예성여중)/충주중앙중/충주중(남)/칠금중/탄금중
충주대림초,지현동,지현동,10통,,,,,충주성남초,,,충주시학교군(추첨),,,충일중(남)/충주미덕중(남)/충주북여자중(북여중)/충주여자중(여중)/충주예성여자중(예성여중)/충주중앙중/충주중(남)/칠금중/탄금중
충주대림초,호암·직동,호암동,5통,,,,,,,,충주시학교군(추첨),,,충일중(남)/충주미덕중(남)/충주북여자중(북여중)/충주여자중(여중)/충주예성여자중(예성여중)/충주중앙중/충주중(남)/칠금중/탄금중
충주대림초,호암·직동,호암동,10통,1반,,,,,,,충주시학교군(추첨),,,충일중(남)/충주미덕중(남)/충주북여자중(북여중)/충주여자중(여중)/충주예성여자중(예성여중)/충주중앙중/충주중(남)/칠금중/탄금중
충주삼원초,교현2동,교현2동,5통/6통/22통/30통/31통,,,,성원아파트,,,,충주시학교군(추첨),,,충일중(남)/충주미덕중(남)/충주북여자중(북여중)/충주여자중(여중)/충주예성여자중(예성여중)/충주중앙중/충주중(남)/칠금중/탄금중
충주삼원초,교현2동,교현2동,7통,4반,,,,충주예성초 [제외- 7통 4반 중 1342~1354번지],,7통 4반 중 1342~1354번지- 충주삼원초 학구,충주시학교군(추첨),,,충일중(남)/충주미덕중(남)/충주북여자중(북여중)/충주여자중(여중)/충주예성여자중(예성여중)/충주중앙중/충주중(남)/칠금중/탄금중
충주삼원초,교현2동,교현2동,8통,,,,,충주예성초,,,충주시학교군(추첨),,,충일중(남)/충주미덕중(남)/충주북여자중(북여중)/충주여자중(여중)/충주예성여자중(예성여중)/충주중앙중/충주중(남)/칠금중/탄금중
충주삼원초,문화동,문화동,1통/2통,,,,,,,,충주시학교군(추첨),,,충일중(남)/충주미덕중(남)/충주북여자중(북여중)/충주여자중(여중)/충주예성여자중(예성여중)/충주중앙중/충주중(남)/칠금중/탄금중
충주삼원초,문화동,문화동,3통/4통/5통/11통/19통,,,,,,,,충주시학교군(추첨),,,충일중(남)/충주미덕중(남)/충주북여자중(북여중)/충주여자중(여중)/충주예성여자중(예성여중)/충주중앙중/충주중(남)/칠금중/탄금중
충주삼원초,봉방동,봉방동,1통/2통/3통/4통/5통/6통/7통/8통/9통/12통/13통/16통/17통/18통/19통/22통,,,,,탄금초 [해당- 22통 4반 중 963~991번지],,,충주시학교군(추첨),,,충일중(남)/충주미덕중(남)/충주북여자중(북여중)/충주여자중(여중)/충주예성여자중(예성여중)/충주중앙중/충주중(남)/칠금중/탄금중
충주삼원초,봉방동,봉방동,24통/25통/26통,,,,충주푸르지오아파트,탄금초,,,충주시학교군(추첨),,,충일중(남)/충주미덕중(남)/충주북여자중(북여중)/충주여자중(여중)/충주예성여자중(예성여중)/충주중앙중/충주중(남)/칠금중/탄금중
충주삼원초,지현동,지현동,11통/12통,,,,,,,,충주시학교군(추첨),,,충일중(남)/충주미덕중(남)/충주북여자중(북여중)/충주여자중(여중)/충주예성여자중(예성여중)/충주중앙중/충주중(남)/칠금중/탄금중
충주삼원초,칠금·금릉동,칠금동,1통/2통/3통/4통,,,,,탄금초,,,충주시학교군(추첨),,,충일중(남)/충주미덕중(남)/충주북여자중(북여중)/충주여자중(여중)/충주예성여자중(예성여중)/충주중앙중/충주중(남)/칠금중/탄금중
충주성남초,교현·안림동,교현동,1통,,,제외- 1통 1반 중 임21-1∼22-7/전2∼11-1/답1∼76-1/과5-2∼79-4,,,,1통 1반 중 임21-1∼22-7/전2∼11-1/답1∼76-1/과5-2∼79-4- 충주용산초 학구,충주시학교군(추첨),,,충일중(남)/충주미덕중(남)/충주북여자중(북여중)/충주여자중(여중)/충주예성여자중(예성여중)/충주중앙중/충주중(남)/칠금중/탄금중
충주성남초,교현·안림동,교현동,2통/20통/28통/31통/32통,,,,남산아파트201동~205동,,,,충주시학교군(추첨),,,충일중(남)/충주미덕중(남)/충주북여자중(북여중)/충주여자중(여중)/충주예성여자중(예성여중)/충주중앙중/충주중(남)/칠금중/탄금중
충주성남초,교현·안림동,교현동,33통,,,제외- 3반,,,,33통 3반- 충주용산초 학구,충주시학교군(추첨),,,충일중(남)/충주미덕중(남)/충주북여자중(북여중)/충주여자중(여중)/충주예성여자중(예성여중)/충주중앙중/충주중(남)/칠금중/탄금중
충주성남초,교현·안림동,교현동,45통/46통,,,,중흥S클래스아파트,,,,충주시학교군(추첨),,,충일중(남)/충주미덕중(남)/충주북여자중(북여중)/충주여자중(여중)/충주예성여자중(예성여중)/충주중앙중/충주중(남)/칠금중/탄금중
충주성남초,교현·안림동,목벌동,,,,,,,,,충주시학교군(추첨),,,충일중(남)/충주미덕중(남)/충주북여자중(북여중)/충주여자중(여중)/충주예성여자중(예성여중)/충주중앙중/충주중(남)/칠금중/탄금중
충주성남초,문화동,문화동,7통/29통,,,,,충주대림초,,,충주시학교군(추첨),,,충일중(남)/충주미덕중(남)/충주북여자중(북여중)/충주여자중(여중)/충주예성여자중(예성여중)/충주중앙중/충주중(남)/칠금중/탄금중
충주성남초,문화동,문화동,8통,1반/2반/3반/4반/5반/6반,,,,충주대림초,,,충주시학교군(추첨),,,충일중(남)/충주미덕중(남)/충주북여자중(북여중)/충주여자중(여중)/충주예성여자중(예성여중)/충주중앙중/충주중(남)/칠금중/탄금중
충주성남초,성내·충인동,성남동,1통/2통,,,,,,,,충주시학교군(추첨),,,충일중(남)/충주미덕중(남)/충주북여자중(북여중)/충주여자중(여중)/충주예성여자중(예성여중)/충주중앙중/충주중(남)/칠금중/탄금중
충주성남초,성내·충인동,성남동,3통,1반/2반/3반/4반/5반,,,,,,,충주시학교군(추첨),,,충일중(남)/충주미덕중(남)/충주북여자중(북여중)/충주여자중(여중)/충주예성여자중(예성여중)/충주중앙중/충주중(남)/칠금중/탄금중
충주성남초,교현·안림동,안림동,1통,1반/2반/3반/4반,,,,,,,충주시학교군(추첨),,,충일중(남)/충주미덕중(남)/충주북여자중(북여중)/충주여자중(여중)/충주예성여자중(예성여중)/충주중앙중/충주중(남)/칠금중/탄금중
충주성남초,교현·안림동,안림동,2통/4통,,,,,,,,충주시학교군(추첨),,,충일중(남)/충주미덕중(남)/충주북여자중(북여중)/충주여자중(여중)/충주예성여자중(예성여중)/충주중앙중/충주중(남)/칠금중/탄금중
충주성남초,교현·안림동,안림동,3통,1반/2반/3반/4반/5반/6반,,,,국원초/충주교현초, 대미초/산척초/엄정초,,충주시학교군(추첨),,,충일중(남)/충주미덕중(남)/충주북여자중(북여중)/충주여자중(여중)/충주예성여자중(예성여중)/충주중앙중/충주중(남)/칠금중/탄금중
충주성남초,용산동,용산동,1통/2통,,,,세중참사랑아파트,,,,충주시학교군(추첨),,,충일중(남)/충주미덕중(남)/충주북여자중(북여중)/충주여자중(여중)/충주예성여자중(예성여중)/충주중앙중/충주중(남)/칠금중/탄금중
충주성남초,용산동,용산동,3통/4통/5통/6통,,,,,,,,충주시학교군(추첨),,,충일중(남)/충주미덕중(남)/충주북여자중(북여중)/충주여자중(여중)/충주예성여자중(예성여중)/충주중앙중/충주중(남)/칠금중/탄금중
충주성남초,용산동,용산동,19통,5반/6반,,,,,,19통 1~4반- 충주용산초 학구,충주시학교군(추첨),,,충일중(남)/충주미덕중(남)/충주북여자중(북여중)/충주여자중(여중)/충주예성여자중(예성여중)/충주중앙중/충주중(남)/칠금중/탄금중
충주성남초,용산동,용산동,22통/23통/24통/25통/26통/27통/28통,,,,신원아파트A/신원아파트B동/대림아파트/ 영진아파트,,,,충주시학교군(추첨),,,충일중(남)/충주미덕중(남)/충주북여자중(북여중)/충주여자중(여중)/충주예성여자중(예성여중)/충주중앙중/충주중(남)/칠금중/탄금중
충주성남초,교현·안림동,종민동,,,,,,동량초 [해당- 2통],,,충주시학교군(추첨),,,충일중(남)/충주미덕중(남)/충주북여자중(북여중)/충주여자중(여중)/충주예성여자중(예성여중)/충주중앙중/충주중(남)/칠금중/탄금중
충주성남초,지현동,지현동,7통,3반/4반/5반,,,,,,,충주시학교군(추첨),,,충일중(남)/충주미덕중(남)/충주북여자중(북여중)/충주여자중(여중)/충주예성여자중(예성여중)/충주중앙중/충주중(남)/칠금중/탄금중
충주성남초,지현동,지현동,8통/9통,,,,,,,,충주시학교군(추첨),,,충일중(남)/충주미덕중(남)/충주북여자중(북여중)/충주여자중(여중)/충주예성여자중(예성여중)/충주중앙중/충주중(남)/칠금중/탄금중
충주성남초,지현동,지현동,10통,,,,,충주대림초,,,충주시학교군(추첨),,,충일중(남)/충주미덕중(남)/충주북여자중(북여중)/충주여자중(여중)/충주예성여자중(예성여중)/충주중앙중/충주중(남)/칠금중/탄금중
충주성남초,지현동,지현동,16통,1반/2반/3반,,,,,,,충주시학교군(추첨),,,충일중(남)/충주미덕중(남)/충주북여자중(북여중)/충주여자중(여중)/충주예성여자중(예성여중)/충주중앙중/충주중(남)/칠금중/탄금중
충주예성초,교현2동,교현2동,1통/2통/3통/4통/10통/11통/12통/13통/14통/15통/16통/17통/18통/19통/20통/21통/24통/25통/26통/27통,,,,교현아파트/부강아파트,,,,충주시학교군(추첨),,,충일중(남)/충주미덕중(남)/충주북여자중(북여중)/충주여자중(여중)/충주예성여자중(예성여중)/충주중앙중/충주중(남)/칠금중/탄금중
충주예성초,교현2동,교현2동,7통,,,제외- 7통 4반 중 1342~1354번지,,충주삼원초 [제외- 7통 4반 중 1342-1354번지],,7통 4반 중 1342~1354번지- 충주삼원초 학구,충주시학교군(추첨),,,충일중(남)/충주미덕중(남)/충주북여자중(북여중)/충주여자중(여중)/충주예성여자중(예성여중)/충주중앙중/충주중(남)/칠금중/탄금중
충주예성초,교현2동,교현2동,8통,,,,,충주삼원초,,,충주시학교군(추첨),,,충일중(남)/충주미덕중(남)/충주북여자중(북여중)/충주여자중(여중)/충주예성여자중(예성여중)/충주중앙중/충주중(남)/칠금중/탄금중
충주예성초,교현2동,교현2동,9통,,,제외- 9통1반 중 1297~1308번지,,,,9통 1반 중 1297~1308번지- 칠금초 학구,충주시학교군(추첨),,,충일중(남)/충주미덕중(남)/충주북여자중(북여중)/충주여자중(여중)/충주예성여자중(예성여중)/충주중앙중/충주중(남)/칠금중/탄금중
충주예성초,성내·충인동,충인동/충의동,,,,,,,,,충주시학교군(추첨),,,충일중(남)/충주미덕중(남)/충주북여자중(북여중)/충주여자중(여중)/충주예성여자중(예성여중)/충주중앙중/충주중(남)/칠금중/탄금중
충주용산초,교현·안림동,교현동,1통,1반,임21-1∼22-7/전2∼11-1/답1∼76-1/과5-2∼79-4 ,,,,,1통 1반 그 외 구역- 충주성남초 학구,충주시학교군(추첨),,,충일중(남)/충주미덕중(남)/충주북여자중(북여중)/충주여자중(여중)/충주예성여자중(예성여중)/충주중앙중/충주중(남)/칠금중/탄금중
충주용산초,교현·안림동,교현동,21통/25통/26통/27통/29통/30통,,,,남산아파트/101/102/103/104/105/106/107/108/109/110/111/301/302/303/304/305/306/307/308동,,,,충주시학교군(추첨),,,충일중(남)/충주미덕중(남)/충주북여자중(북여중)/충주여자중(여중)/충주예성여자중(예성여중)/충주중앙중/충주중(남)/칠금중/탄금중
충주용산초,교현·안림동,교현동,33통,3반,,,,,,,충주시학교군(추첨),,,충일중(남)/충주미덕중(남)/충주북여자중(북여중)/충주여자중(여중)/충주예성여자중(예성여중)/충주중앙중/충주중(남)/칠금중/탄금중
충주용산초,용산동,용산동,11통,1반,1639번지/1640번지/1641번지/ 1641의 6번지/1999번지/2000번지/2001번지/2002번지/2003번지/2004번지/2005번지/2006번지/2007번지/2008번지/2009번지/2010번지/2011번지/2012번지/2013번지/2014번지/2015번지/2016번지/2017번지/2018번지/2019번지/2020번지/2021번지/2022번지/2023번지/2024번지/2025번지/2026번지/2027번지/2028번지/2029번지/2032번지/2033번지/2034번지/2035번지/2036번지/2037번지/2038번지/2039번지/2040번지/2041번지/2042번지/2043번지,,,,,,충주시학교군(추첨),,,충일중(남)/충주미덕중(남)/충주북여자중(북여중)/충주여자중(여중)/충주예성여자중(예성여중)/충주중앙중/충주중(남)/칠금중/탄금중
충주용산초,용산동,용산동,11통,2반/3반/4반,,,,,,,충주시학교군(추첨),,,충일중(남)/충주미덕중(남)/충주북여자중(북여중)/충주여자중(여중)/충주예성여자중(예성여중)/충주중앙중/충주중(남)/칠금중/탄금중
충주용산초,용산동,용산동,17통/20통/21통,,,,신원아파트가/나/다동,,,,충주시학교군(추첨),,,충일중(남)/충주미덕중(남)/충주북여자중(북여중)/충주여자중(여중)/충주예성여자중(예성여중)/충주중앙중/충주중(남)/칠금중/탄금중
충주용산초,용산동,용산동,19통,1반/2반/3반/4반,,,,,,,충주시학교군(추첨),,,충일중(남)/충주미덕중(남)/충주북여자중(북여중)/충주여자중(여중)/충주예성여자중(예성여중)/충주중앙중/충주중(남)/칠금중/탄금중
충주용산초,용산동,용산동,29통/30통/31통/32통/33통/34통/35통,,,,용산주공아파트 ,,,,충주시학교군(추첨),,,충일중(남)/충주미덕중(남)/충주북여자중(북여중)/충주여자중(여중)/충주예성여자중(예성여중)/충주중앙중/충주중(남)/칠금중/탄금중
충주용산초,용산동,용산동,36통/37통,,,,남산동일하이빌아파트,,,,충주시학교군(추첨),,,충일중(남)/충주미덕중(남)/충주북여자중(북여중)/충주여자중(여중)/충주예성여자중(예성여중)/충주중앙중/충주중(남)/칠금중/탄금중
충주용산초,용산동,용산동,38통,,,,,,,,충주시학교군(추첨),,,충일중(남)/충주미덕중(남)/충주북여자중(북여중)/충주여자중(여중)/충주예성여자중(예성여중)/충주중앙중/충주중(남)/칠금중/탄금중
충주중앙초,연수동,연수동,5통/6통/10통/11통/12통/13통/15통,,,,,,,,충주시학교군(추첨),,,충일중(남)/충주미덕중(남)/충주북여자중(북여중)/충주여자중(여중)/충주예성여자중(예성여중)/충주중앙중/충주중(남)/칠금중/탄금중
충주중앙초,연수동,연수동,14통/27통,,,,우림아파트가/나동,,,,충주시학교군(추첨),,,충일중(남)/충주미덕중(남)/충주북여자중(북여중)/충주여자중(여중)/충주예성여자중(예성여중)/충주중앙중/충주중(남)/칠금중/탄금중
충주중앙초,연수동,연수동,16통/17통,,,,주공아파트101/102/103/104/105/106동,,,,충주시학교군(추첨),,,충일중(남)/충주미덕중(남)/충주북여자중(북여중)/충주여자중(여중)/충주예성여자중(예성여중)/충주중앙중/충주중(남)/칠금중/탄금중
충주중앙초,연수동,연수동,18통,1반/2반,,,주공아파트107동,,,,충주시학교군(추첨),,,충일중(남)/충주미덕중(남)/충주북여자중(북여중)/충주여자중(여중)/충주예성여자중(예성여중)/충주중앙중/충주중(남)/칠금중/탄금중
충주중앙초,연수동,연수동,22통/23통/24통/25통,,,,임광아파트,,,,충주시학교군(추첨),,,충일중(남)/충주미덕중(남)/충주북여자중(북여중)/충주여자중(여중)/충주예성여자중(예성여중)/충주중앙중/충주중(남)/칠금중/탄금중
충주중앙초,연수동,연수동,32통/33통/34통/35통/36통/37통,,,,세원아파트,,,,충주시학교군(추첨),,,충일중(남)/충주미덕중(남)/충주북여자중(북여중)/충주여자중(여중)/충주예성여자중(예성여중)/충주중앙중/충주중(남)/칠금중/탄금중
충주중앙초,연수동,연수동,43통/55통,,,,낙원아파트가/나동,,,,충주시학교군(추첨),,,충일중(남)/충주미덕중(남)/충주북여자중(북여중)/충주여자중(여중)/충주예성여자중(예성여중)/충주중앙중/충주중(남)/칠금중/탄금중
충주중앙초,연수동,연수동,90통/91통,,,,계룡리슈빌2차아파트,,,,충주시학교군(추첨),,,충일중(남)/충주미덕중(남)/충주북여자중(북여중)/충주여자중(여중)/충주예성여자중(예성여중)/충주중앙중/충주중(남)/칠금중/탄금중
칠금초,교현2동,교현2동,9통,1반,1297번지/1298번지/1299번지/1300번지/1301번지/1302번지/1303번지/1304번지/1305번지/1306번지/1307번지/1308번지,,,,,,충주시학교군(추첨),,,충일중(남)/충주미덕중(남)/충주북여자중(북여중)/충주여자중(여중)/충주예성여자중(예성여중)/충주중앙중/충주중(남)/칠금중/탄금중
칠금초,교현2동,교현2동,23통/28통/29통,,,,,,,,충주시학교군(추첨),,,충일중(남)/충주미덕중(남)/충주북여자중(북여중)/충주여자중(여중)/충주예성여자중(예성여중)/충주중앙중/충주중(남)/칠금중/탄금중
칠금초,칠금·금릉동,금릉동,3통,1반/2반/3반/4반,,,,,,,충주시학교군(추첨),,,충일중(남)/충주미덕중(남)/충주북여자중(북여중)/충주여자중(여중)/충주예성여자중(예성여중)/충주중앙중/충주중(남)/칠금중/탄금중
칠금초,칠금·금릉동,금릉동,4통/5통/6통,,,,삼성1차아파트 ,,,,충주시학교군(추첨),,,충일중(남)/충주미덕중(남)/충주북여자중(북여중)/충주여자중(여중)/충주예성여자중(예성여중)/충주중앙중/충주중(남)/칠금중/탄금중
칠금초,칠금·금릉동,금릉동,7통/8통,,,,,,,,충주시학교군(추첨),,,충일중(남)/충주미덕중(남)/충주북여자중(북여중)/충주여자중(여중)/충주예성여자중(예성여중)/충주중앙중/충주중(남)/칠금중/탄금중
칠금초,연수동,연수동,59통/60통/61통,,,,삼성푸른아파트 ,,,,충주시학교군(추첨),,,충일중(남)/충주미덕중(남)/충주북여자중(북여중)/충주여자중(여중)/충주예성여자중(예성여중)/충주중앙중/충주중(남)/칠금중/탄금중
칠금초,연수동,연수동,65통/66통/67통,,,,세원한아름아파트 ,,,,충주시학교군(추첨),,,충일중(남)/충주미덕중(남)/충주북여자중(북여중)/충주여자중(여중)/충주예성여자중(예성여중)/충주중앙중/충주중(남)/칠금중/탄금중
칠금초,칠금·금릉동,칠금동,9통/10통/11통/12통,,,,부영1차아파트 ,,,,충주시학교군(추첨),,,충일중(남)/충주미덕중(남)/충주북여자중(북여중)/충주여자중(여중)/충주예성여자중(예성여중)/충주중앙중/충주중(남)/칠금중/탄금중
칠금초,칠금·금릉동,칠금동,31통,5반/6반/7반/8반,,,,,,,충주시학교군(추첨),,,충일중(남)/충주미덕중(남)/충주북여자중(북여중)/충주여자중(여중)/충주예성여자중(예성여중)/충주중앙중/충주중(남)/칠금중/탄금중
칠금초,칠금·금릉동,칠금동,32통/37통,,,,,,,,충주시학교군(추첨),,,충일중(남)/충주미덕중(남)/충주북여자중(북여중)/충주여자중(여중)/충주예성여자중(예성여중)/충주중앙중/충주중(남)/칠금중/탄금중
칠금초,칠금·금릉동,칠금동,36통,1반/2반/3반/4반/5반,,,,,,,충주시학교군(추첨),,,충일중(남)/충주미덕중(남)/충주북여자중(북여중)/충주여자중(여중)/충주예성여자중(예성여중)/충주중앙중/충주중(남)/칠금중/탄금중
탄금초,봉방동,봉방동,22통,4반,963번지/964번지/965번지/966번지/967번지/968번지/969번지/970번지/971번지/972번지/973번지/974번지/975번지/976번지/977번지/978번지/979번지/980번지/981번지/982번지/983번지/984번지/985번지/986번지/987번지/988번지/989번지/990번지/991번지,,,충주삼원초,,22통 4반 그 외 구역- 충주삼원초 학구,충주시학교군(추첨),,,충일중(남)/충주미덕중(남)/충주북여자중(북여중)/충주여자중(여중)/충주예성여자중(예성여중)/충주중앙중/충주중(남)/칠금중/탄금중
탄금초,봉방동,봉방동,24통/25통/26통,,,,충주푸르지오아파트,충주삼원초,,,충주시학교군(추첨),,,충일중(남)/충주미덕중(남)/충주북여자중(북여중)/충주여자중(여중)/충주예성여자중(예성여중)/충주중앙중/충주중(남)/칠금중/탄금중
탄금초,칠금·금릉동,칠금동,1통/2통/3통/4통,,,,,충주삼원초,,,충주시학교군(추첨),,,충일중(남)/충주미덕중(남)/충주북여자중(북여중)/충주여자중(여중)/충주예성여자중(예성여중)/충주중앙중/충주중(남)/칠금중/탄금중
탄금초,칠금·금릉동,칠금동,5통/6통/7통/8통/13통/14통/15통/16통/17통/18통/19통/20통,,,,현대아파트/삼일아파트/부영2차아파트201~205동,,,,충주시학교군(추첨),,,충일중(남)/충주미덕중(남)/충주북여자중(북여중)/충주여자중(여중)/충주예성여자중(예성여중)/충주중앙중/충주중(남)/칠금중/탄금중
탄금초,칠금·금릉동,칠금동,21통/22통/23통/24통/25통/26통/27통/28통/29통/30통,,,,부영2차아파트206~208동/코오롱동신아파트,,,,충주시학교군(추첨),,,충일중(남)/충주미덕중(남)/충주북여자중(북여중)/충주여자중(여중)/충주예성여자중(예성여중)/충주중앙중/충주중(남)/칠금중/탄금중
탄금초,칠금·금릉동,칠금동,31통,1반/2반/3반/4반,,,,,,,충주시학교군(추첨),,,충일중(남)/충주미덕중(남)/충주북여자중(북여중)/충주여자중(여중)/충주예성여자중(예성여중)/충주중앙중/충주중(남)/칠금중/탄금중
탄금초,칠금·금릉동,칠금동,33통/34통/35통,,,,세영첼시빌아파트,,,,충주시학교군(추첨),,,충일중(남)/충주미덕중(남)/충주북여자중(북여중)/충주여자중(여중)/충주예성여자중(예성여중)/충주중앙중/충주중(남)/칠금중/탄금중
탄금초,중앙탑면,중앙탑면,창동리,창동/갈마,,,,,,,중앙탑중학구,충주시학교군(추첨),노은중학구/신니중학구/신명중학구,충일중(남)/충주미덕중(남)/충주북여자중(북여중)/충주여자중(여중)/충주예성여자중(예성여중)/충주중앙중/충주중(남)/칠금중/탄금중
탄금초,중앙탑면,중앙탑면,루암리,두련/신촌/소일,,,,충주중앙탑초,가흥초/노은초/덕신초/소태초/앙성초/오석초/용원초/주덕초,,중앙탑중학구,충주시학교군(추첨),노은중학구/신니중학구/신명중학구,충일중(남)/충주미덕중(남)/충주북여자중(북여중)/충주여자중(여중)/충주예성여자중(예성여중)/충주중앙중/충주중(남)/칠금중/탄금중
가흥초,중앙탑면,중앙탑면,봉황리,내동/능암,,,,,,,중앙탑중학구,,노은중학구/신니중학구/신명중학구,
가흥초,중앙탑면,중앙탑면,가흥리,원동/신대/하가흥/상가흥,,,,,,,중앙탑중학구,,노은중학구/신니중학구/신명중학구,
가흥초,중앙탑면,중앙탑면,장천리,형천/장미산,,,,,,,중앙탑중학구,,노은중학구/신니중학구/신명중학구,
가흥초,중앙탑면,중앙탑면,탑평리,반천/인담/탑정/응동,,,,,"충주중앙탑초(큰학교)/노은초/덕신초/소태초/앙성초/
오석초/용원초/주덕초",,중앙탑중학구,,노은중학구/신니중학구/신명중학구,
가흥초,중앙탑면,중앙탑면,하구암리,묘곡/중구,,,,,"충주중앙탑초(큰학교)/노은초/덕신초/소태초/앙성초/
오석초/용원초/주덕초",,중앙탑중학구,,노은중학구/신니중학구/신명중학구,
가흥초,중앙탑면,중앙탑면,하구암리,상구,,,,,"충주중앙탑초(큰학교)/노은초/덕신초/소태초/앙성초/
오석초/용원초/주덕초",,노은중학구,,,
가흥초,중앙탑면,중앙탑면,용전리,입석/갈동/갈동1~갈동16/법현,,,"미진이지비아,충주시티자이,이편한세상,신우희가로,코아루더테라스,서충주한화포레나 아파트",,"충주중앙탑초(큰학교)/노은초/덕신초/소태초/앙성초/
오석초/용원초/주덕초",,노은중학구,,,
가흥초,중앙탑면,중앙탑면,루암리,두련/신촌/소일,,,,충주중앙탑초/탄금초,노은초/덕신초/소태초/앙성초/오석초/용원초/주덕초,,중앙탑중학구,충주시학교군(추첨),노은중학구/신니중학구/신명중학구,충일중(남)/충주미덕중(남)/충주북여자중(북여중)/충주여자중(여중)/충주예성여자중(예성여중)/충주중앙중/충주중(남)/칠금중/탄금중
금가초,금가면,금가면,매하리,하시,,,,,,,중원중학구,,,
금가초,금가면,금가면,하담리,하소,,,,,,,중원중학구,,,
금가초,금가면,금가면,잠병리,축동/금병/초당,,,,,,,중원중학구,,,
금가초,금가면,금가면,도촌리,도리/문화/경촌/괴정,,,,,,,중원중학구,,,
금가초,금가면,금가면,사암리,기곡/마사,,,,대미초,,,중원중학구,,,
금가초,금가면,금가면,문산리,신대2리/신대3리,,,은성아파트100/101/102/103/104/105/106/107/108/109/110/201/202/203/204/205/206/207/208/209/한사랑아파트501/502/503/504/505/506/507/508/509/510/한사랑마을아파트301/302/303/304/305/306/307/308/309/310/311/312,대미초/오석초,,,중원중학구,,,
금가초,금가면,금가면,월상리,월상,,,,,,,중원중학구,,,
노은초,노은면,노은면,법동리,법동,,,,,,,노은중학구,,,
노은초,노은면,노은면,안락리,안락1리/안락2리,,,,,,,노은중학구,,,
노은초,노은면,노은면,대덕리,대덕1리/대덕2리,,,,,,,노은중학구,,,
노은초,노은면,노은면,가신리,가신1리/가신2리/가신3리,,,,,,,노은중학구,,,
노은초,노은면,노은면,문성리,문성1리/문성2리/문성3리,,,,,,,노은중학구,,,
노은초,노은면,노은면,연하리,연하1리/연하2리/연하3리,,,,,,,노은중학구,,,
노은초,노은면,노은면,신효리,신효1리/신효2리,,,,,,,노은중학구,,,
노은초,노은면,노은면,수룡리,수룡1리/수룡2리/수룡3리,,,,,,,노은중학구,,,
노은초,중앙탑면,중앙탑면,탑평리,반천/인담/탑정/응동,,,,,충주중앙탑초(큰학교)/가흥초/덕신초/소태초/앙성초/오석초/용원초/주덕초,,중앙탑중학구,,노은중학구/신니중학구/신명중학구,
노은초,중앙탑면,중앙탑면,하구암리,묘곡/중구,,,,,충주중앙탑초(큰학교)/가흥초/덕신초/소태초/앙성초/오석초/용원초/주덕초,,중앙탑중학구,,노은중학구/신니중학구/신명중학구,
노은초,중앙탑면,중앙탑면,하구암리,상구,,,,,충주중앙탑초(큰학교)/가흥초/덕신초/소태초/앙성초/오석초/용원초/주덕초,,노은중학구,,,
노은초,중앙탑면,중앙탑면,용전리,입석/갈동/갈동1~갈동16/법현,,,"미진이지비아,충주시티자이,이편한세상,신우희가로,코아루더테라스,서충주한화포레나 아파트",,충주중앙탑초(큰학교)/가흥초/덕신초/소태초/앙성초/오석초/용원초/주덕초,,중앙탑중학구,,노은중학구/신니중학구/신명중학구,
노은초,중앙탑면,중앙탑면,루암리,두련/신촌/소일,,,,충주중앙탑초/탄금초,가흥초/덕신초/소태초/앙성초/오석초/용원초/주덕초,,중앙탑중학구,충주시학교군(추첨),노은중학구/신니중학구/신명중학구,충일중(남)/충주미덕중(남)/충주북여자중(북여중)/충주여자중(여중)/충주예성여자중(예성여중)/충주중앙중/충주중(남)/칠금중/탄금중
달천초매현분교장,대소원면,대소원면,탄용리,탄동/소용,,,,,,,충주시학교군(추첨),,,충일중(남)/충주미덕중(남)/충주북여자중(북여중)/충주여자중(여중)/충주예성여자중(예성여중)/충주중앙중/충주중(남)/칠금중/탄금중
달천초매현분교장,대소원면,대소원면,매현리,매산/수현,,,,,,,충주시학교군(추첨),,,충일중(남)/충주미덕중(남)/충주북여자중(북여중)/충주여자중(여중)/충주예성여자중(예성여중)/충주중앙중/충주중(남)/칠금중/탄금중
달천초매현분교장,대소원면,대소원면,두정리,두담,,,,,,산정- 달천초 학구,충주시학교군(추첨),,,충일중(남)/충주미덕중(남)/충주북여자중(북여중)/충주여자중(여중)/충주예성여자중(예성여중)/충주중앙중/충주중(남)/칠금중/탄금중
달천초매현분교장,대소원면,대소원면,문주리,수주/월은,,,,,,팔봉- 수회초 학구,충주시학교군(추첨),,,충일중(남)/충주미덕중(남)/충주북여자중(북여중)/충주여자중(여중)/충주예성여자중(예성여중)/충주중앙중/충주중(남)/칠금중/탄금중
달천초매현분교장,호암·직동,호암동,4통,3반,,,,,충주남한강초(큰학교)/세성초/수회초/수안보초/단월초/달천초,,충주시학교군(추첨),,,충일중(남)/충주미덕중(남)/충주북여자중(북여중)/충주여자중(여중)/충주예성여자중(예성여중)/충주중앙중/충주중(남)/칠금중/탄금중
달천초매현분교장,호암·직동,호암동,29통/30통/31통/32통/33통/34통/35통/36통/37통/38통/39통/40통/41통,,,,,,충주남한강초(큰학교)/세성초/수회초/수안보초/단월초/달천초,,충주시학교군(추첨),,,충일중(남)/충주미덕중(남)/충주북여자중(북여중)/충주여자중(여중)/충주예성여자중(예성여중)/충주중앙중/충주중(남)/칠금중/탄금중
대미초,동량면,동량면,용교리,용대/운교1/운교2,,,,,,,중원중학구,,,
대미초,동량면,동량면,대전리,수회/내동/마흘/배일/황전/사천/대미,,,,,,,중원중학구,,,
대미초,금가면,금가면,사암리,기곡/마사,,,,금가초,,,중원중학구,,,
대미초,금가면,금가면,문산리,신대2리/신대3리,,,은성아파트100/101/102/103/104/105/106/107/108/109/110/201/202/203/204/205/206/207/208/209/한사랑아파트501/502/503/504/505/506/507/508/509/510/한사랑마을아파트301/302/303/304/305/306/307/308/309/310/311/312,금가초/오석초,,,중원중학구,,,
대미초,교현·안림동,교현동,13통/14통,,,,,국원초/충주교현초,산척초/엄정초,,충주시학교군(추첨),,,충일중(남)/충주미덕중(남)/충주북여자중(북여중)/충주여자중(여중)/충주예성여자중(예성여중)/충주중앙중/충주중(남)/칠금중/탄금중
대미초,교현·안림동,교현동,15통,3반/4반,,제외- 야현1길 동북쪽과 갱고개길 서쪽지역,,국원초/충주교현초,산척초/엄정초,야현1길 동북쪽/갱고개길 서쪽- 충주교현초 학구,충주시학교군(추첨),,,충일중(남)/충주미덕중(남)/충주북여자중(북여중)/충주여자중(여중)/충주예성여자중(예성여중)/충주중앙중/충주중(남)/칠금중/탄금중
대미초,교현·안림동,안림동,3통,1반/2반/3반/4반/5반/6반,,,,국원초/충주교현초/충주성남초,산척초/엄정초,,충주시학교군(추첨),,,충일중(남)/충주미덕중(남)/충주북여자중(북여중)/충주여자중(여중)/충주예성여자중(예성여중)/충주중앙중/충주중(남)/칠금중/탄금중
대미초,교현·안림동,안림동,9통/10통,,,,충주엘리시아아파트,국원초/연수초,산척초/엄정초,,충주시학교군(추첨),,,충일중(남)/충주미덕중(남)/충주북여자중(북여중)/충주여자중(여중)/충주예성여자중(예성여중)/충주중앙중/충주중(남)/칠금중/탄금중
대미초,교현·안림동,안림동,11통/12통/13통/14통/15통/16통,,,제외- 13통 4반 중 952-22/952-25,충주안림LH천년나무아파트1/2단지/충주2차푸르지오아파트,국원초/충주교현초,산척초/엄정초,13통 4반 중 952-22/952-25(충주안림LH천년나무아파트2단지202동104호~1204호/105호~1205호/106호~1206호)- 국원초/연수초 공동학구 및 산척초/엄정초 공동(일방)학구,충주시학교군(추첨),,,충일중(남)/충주미덕중(남)/충주북여자중(북여중)/충주여자중(여중)/충주예성여자중(예성여중)/충주중앙중/충주중(남)/칠금중/탄금중
대미초,교현·안림동,안림동,13통,4반,952-22번지/952-25번지,,충주안림LH천년나무아파트2단지202동104호~1204호/105호~1205호/106호~1206호,국원초/연수초,산척초/엄정초,,충주시학교군(추첨),,,충일중(남)/충주미덕중(남)/충주북여자중(북여중)/충주여자중(여중)/충주예성여자중(예성여중)/충주중앙중/충주중(남)/칠금중/탄금중
대미초,연수동,연수동,44통/45통/46통/56통/57통/58통,,,,유원1차아파트/2차아파트,국원초/연수초,산척초/엄정초,,충주시학교군(추첨),,,충일중(남)/충주미덕중(남)/충주북여자중(북여중)/충주여자중(여중)/충주예성여자중(예성여중)/충주중앙중/충주중(남)/칠금중/탄금중
대미초,연수동,연수동,78통/79통/80통,,,,연수힐스테이트아파트,국원초/연수초,산척초/엄정초,,충주시학교군(추첨),,,충일중(남)/충주미덕중(남)/충주북여자중(북여중)/충주여자중(여중)/충주예성여자중(예성여중)/충주중앙중/충주중(남)/칠금중/탄금중
대미초,연수동,연수동,81통/82통/85통/86통,,,,연수리슈빌아파트,국원초/연수초,산척초/엄정초,,충주시학교군(추첨),,,충일중(남)/충주미덕중(남)/충주북여자중(북여중)/충주여자중(여중)/충주예성여자중(예성여중)/충주중앙중/충주중(남)/칠금중/탄금중
동량초,동량면,동량면,조동리,장선/대모천/소모천/건지/탑평/관암/조돈,,,,,,,중원중학구,,,
동량초,동량면,동량면,화암리,화암,,,,,,,충주시학교군(추첨),,,충일중(남)/충주미덕중(남)/충주북여자중(북여중)/충주여자중(여중)/충주예성여자중(예성여중)/충주중앙중/충주중(남)/칠금중/탄금중
동량초,동량면,동량면,지동리,미라/양아/금잠,,,,,,,중원중학구,,,
동량초,동량면,동량면,하천리,하곡,,,,,,,중원중학구,,,
동량초,동량면,동량면,손동리,탄동/음양지,,,,,,,중원중학구,,,
동량초,동량면,동량면,서운리,서운,,,,,,,충주시학교군(추첨),,,충일중(남)/충주미덕중(남)/충주북여자중(북여중)/충주여자중(여중)/충주예성여자중(예성여중)/충주중앙중/충주중(남)/칠금중/탄금중
동량초,교현·안림동,종민동,,,,,,충주성남초 [해당- 2통],,,충주시학교군(추첨),,,충일중(남)/충주미덕중(남)/충주북여자중(북여중)/충주여자중(여중)/충주예성여자중(예성여중)/충주중앙중/충주중(남)/칠금중/탄금중
산척초,산척면,산척면,석천리,명암,,,,,,,산척중학구,,,
산척초,산척면,산척면,송강리,상산/증촌/송정/대소강/광동/행정/월현/도봉/소림,,,,,,,산척중학구,,,
산척초,산척면,산척면,영덕리,둔대/덕해/독동/용전/상영/계척/서곡/하영/용암,,,,,,,산척중학구,,,
산척초,산척면,산척면,명서리,서대/도덕/명돌/정암/방대,,,,,,,산척중학구,,,
산척초,교현·안림동,교현동,13통/14통,,,,,국원초/충주교현초,대미초/엄정초,,충주시학교군(추첨),,,충일중(남)/충주미덕중(남)/충주북여자중(북여중)/충주여자중(여중)/충주예성여자중(예성여중)/충주중앙중/충주중(남)/칠금중/탄금중
산척초,교현·안림동,교현동,15통,3반/4반,,제외- 야현1길 동북쪽/갱고개길 서쪽지역,,국원초/충주교현초,대미초/엄정초,야현1길 동북쪽/갱고개길 서쪽지역- 충주교현초 학구,충주시학교군(추첨),,,충일중(남)/충주미덕중(남)/충주북여자중(북여중)/충주여자중(여중)/충주예성여자중(예성여중)/충주중앙중/충주중(남)/칠금중/탄금중
산척초,교현·안림동,안림동,3통,1반/2반/3반/4반/5반/6반,,,,국원초/충주교현초/충주성남초,대미초/엄정초,,충주시학교군(추첨),,,충일중(남)/충주미덕중(남)/충주북여자중(북여중)/충주여자중(여중)/충주예성여자중(예성여중)/충주중앙중/충주중(남)/칠금중/탄금중
산척초,교현·안림동,안림동,9통/10통,,,,충주엘리시아아파트,국원초/연수초,대미초/엄정초,,충주시학교군(추첨),,,충일중(남)/충주미덕중(남)/충주북여자중(북여중)/충주여자중(여중)/충주예성여자중(예성여중)/충주중앙중/충주중(남)/칠금중/탄금중
산척초,교현·안림동,안림동,11통/12통/13통/14통/15통/16통,,,제외- 13통 4반 중 952-22/952-25,충주안림LH천년나무아파트1/2단지/충주2차푸르지오아파트,국원초/충주교현초,대미초/엄정초,13통 4반 중 952-22/952-25(충주안림LH천년나무아파트2단지202동104호~1204호/105호~1205호/106호~1206호)- 국원초/연수초 공동학구 및 대미초/엄정초 공동(일방)학구,충주시학교군(추첨),,,충일중(남)/충주미덕중(남)/충주북여자중(북여중)/충주여자중(여중)/충주예성여자중(예성여중)/충주중앙중/충주중(남)/칠금중/탄금중
산척초,교현·안림동,안림동,13통,4반,952-22번지/952-25번지,,충주안림LH천년나무아파트2단지202동104호~1204호/105호~1205호/106호~1206호,국원초/연수초,대미초/엄정초,,충주시학교군(추첨),,,충일중(남)/충주미덕중(남)/충주북여자중(북여중)/충주여자중(여중)/충주예성여자중(예성여중)/충주중앙중/충주중(남)/칠금중/탄금중
산척초,연수동,연수동,44통/45통/46통/56통/57통/58통,,,,유원1차아파트/유원2차아파트,국원초/연수초,대미초/엄정초,,충주시학교군(추첨),,,충일중(남)/충주미덕중(남)/충주북여자중(북여중)/충주여자중(여중)/충주예성여자중(예성여중)/충주중앙중/충주중(남)/칠금중/탄금중
산척초,연수동,연수동,78통/79통/80통,,,,연수힐스테이트아파트,국원초/연수초,대미초/엄정초,,충주시학교군(추첨),,,충일중(남)/충주미덕중(남)/충주북여자중(북여중)/충주여자중(여중)/충주예성여자중(예성여중)/충주중앙중/충주중(남)/칠금중/탄금중
산척초,연수동,연수동,81통/82통/85통/86통,,,,연수리슈빌아파트,국원초/연수초,대미초/엄정초,,충주시학교군(추첨),,,충일중(남)/충주미덕중(남)/충주북여자중(북여중)/충주여자중(여중)/충주예성여자중(예성여중)/충주중앙중/충주중(남)/칠금중/탄금중
세성초,살미면,살미면,재오개리,재오개리,,,,,,,충주시학교군(추첨),,,충일중(남)/충주미덕중(남)/충주북여자중(북여중)/충주여자중(여중)/충주예성여자중(예성여중)/충주중앙중/충주중(남)/칠금중/탄금중
세성초,살미면,살미면,공이리,공이1리/공이2리,,,,,,,충주시학교군(추첨),,,충일중(남)/충주미덕중(남)/충주북여자중(북여중)/충주여자중(여중)/충주예성여자중(예성여중)/충주중앙중/충주중(남)/칠금중/탄금중
세성초,살미면,살미면,신매리,신매리,,,,,,,충주시학교군(추첨),,,충일중(남)/충주미덕중(남)/충주북여자중(북여중)/충주여자중(여중)/충주예성여자중(예성여중)/충주중앙중/충주중(남)/칠금중/탄금중
세성초,살미면,살미면,내사리,내사1리/내사2리,,,,,,,충주시학교군(추첨),,,충일중(남)/충주미덕중(남)/충주북여자중(북여중)/충주여자중(여중)/충주예성여자중(예성여중)/충주중앙중/충주중(남)/칠금중/탄금중
세성초,살미면,살미면,용천리,용천1리/용천2리,,,,,,,충주시학교군(추첨),,,충일중(남)/충주미덕중(남)/충주북여자중(북여중)/충주여자중(여중)/충주예성여자중(예성여중)/충주중앙중/충주중(남)/칠금중/탄금중
세성초,살미면,살미면,설운리,설운1리/설운2리,,,,,,,충주시학교군(추첨),,,충일중(남)/충주미덕중(남)/충주북여자중(북여중)/충주여자중(여중)/충주예성여자중(예성여중)/충주중앙중/충주중(남)/칠금중/탄금중
세성초,살미면,살미면,세성리,세성1리/세성2리/세성3리,,,,,,,충주시학교군(추첨),,,충일중(남)/충주미덕중(남)/충주북여자중(북여중)/충주여자중(여중)/충주예성여자중(예성여중)/충주중앙중/충주중(남)/칠금중/탄금중
세성초,살미면,살미면,향산리,향산1리/향산2리/향산3리,,,,,,,충주시학교군(추첨),,,충일중(남)/충주미덕중(남)/충주북여자중(북여중)/충주여자중(여중)/충주예성여자중(예성여중)/충주중앙중/충주중(남)/칠금중/탄금중
세성초,호암·직동,호암동,4통,3반,,,,,충주남한강초(큰학교)/수회초/수안보초/달천초매현분교장/단월초/달천초,,충주시학교군(추첨),,,충일중(남)/충주미덕중(남)/충주북여자중(북여중)/충주여자중(여중)/충주예성여자중(예성여중)/충주중앙중/충주중(남)/칠금중/탄금중
세성초,호암·직동,호암동,29통/30통/31통/32통/33통/34통/35통/36통/37통/38통/39통/40통/41통,,,,,,충주남한강초(큰학교)/수회초/수안보초/달천초매현분교장/단월초/달천초,,충주시학교군(추첨),,,
소태초,소태면,소태면,오량리,별묘/요량,,,,,,,신명중학구,,,
소태초,소태면,소태면,중청리,가청/하청,,,,,,,신명중학구,,,
소태초,소태면,소태면,복탄리,복탄1/복탄2,,,,,,,신명중학구,,,
소태초,소태면,소태면,덕은리,조기암/덕은/세포,,,,,,,신명중학구,강원도부론중학구,,
소태초,소태면,소태면,주치리,은대/하남/야촌,,,,엄정초,,외촌- 강원도 귀래초 학구,신명중학구,강원도귀래중학구(주치리외촌),,
소태초,중앙탑면,중앙탑면,탑평리,반천/인담/탑정/응동,,,,,충주중앙탑초(큰학교)/가흥초/노은초/덕신초/앙성초/오석초/용원초/주덕초,,중앙탑중학구,,노은중학구/신니중학구/신명중학구,
소태초,중앙탑면,중앙탑면,하구암리,묘곡/중구,,,,,충주중앙탑초(큰학교)/가흥초/노은초/덕신초/앙성초/오석초/용원초/주덕초,,중앙탑중학구,,노은중학구/신니중학구/신명중학구,
소태초,중앙탑면,중앙탑면,하구암리,상구,,,,,충주중앙탑초(큰학교)/가흥초/노은초/덕신초/앙성초/오석초/용원초/주덕초,,노은중학구,,,
소태초,중앙탑면,중앙탑면,용전리,입석/갈동/갈동1~갈동16/법현,,,"미진이지비아,충주시티자이,이편한세상,신우희가로,코아루더테라스,서충주한화포레나 아파트",,충주중앙탑초(큰학교)/가흥초/노은초/덕신초/앙성초/오석초/용원초/주덕초,,중앙탑중학구,,노은중학구/신니중학구/신명중학구,
소태초,중앙탑면,중앙탑면,루암리,두련/신촌/소일,,,,충주중앙탑초/탄금초,가흥초/노은초/덕신초/앙성초/오석초/용원초/주덕초,,중앙탑중학구,충주시학교군(추첨),노은중학구/신니중학구/신명중학구,충일중(남)/충주미덕중(남)/충주북여자중(북여중)/충주여자중(여중)/충주예성여자중(예성여중)/충주중앙중/충주중(남)/칠금중/탄금중
수안보초,수안보면,수안보면,온천리,온천1/온천2/온천3/온천4/관동/탑동/오산,,,,,,,수안보중학구,,,
수안보초,수안보면,수안보면,안보리,안보/복계/선권/뇌곡/그리실,,,,,,,수안보중학구,,,
수안보초,수안보면,수안보면,화천리,은행정/발화/사시,,,,,,,수안보중학구,,,
수안보초,수안보면,수안보면,사문리,대사/석문,,,,,,,수안보중학구,,,
수안보초,수안보면,수안보면,미륵리,미륵,,,,,,,수안보중학구,,,
수안보초,호암·직동,호암동,4통,3반,,,,,충주남한강초(큰학교)/세성초/수회초/달천초매현분교장/단월초/달천초,,충주시학교군(추첨),,,충일중(남)/충주미덕중(남)/충주북여자중(북여중)/충주여자중(여중)/충주예성여자중(예성여중)/충주중앙중/충주중(남)/칠금중/탄금중
수안보초,호암·직동,호암동,29통/30통/31통/32통/33통/34통/35통/36통/37통/38통/39통/40통/41통,,,,,,충주남한강초(큰학교)/세성초/수회초/달천초매현분교장/단월초/달천초,,충주시학교군(추첨),,,충일중(남)/충주미덕중(남)/충주북여자중(북여중)/충주여자중(여중)/충주예성여자중(예성여중)/충주중앙중/충주중(남)/칠금중/탄금중
수회초,수안보면,수안보면,고운리,고운,,,,,,,수안보중학구,,,
수회초,수안보면,수안보면,중산리,상촌/신대,,,,,,,수안보중학구,,,
수회초,수안보면,수안보면,수회리,수회/신원/원통,,,,,,,수안보중학구,,,
수회초,대소원면,대소원면,문주리,팔봉,,제외- 월은/수주,,,,월은/수주- 달천초매현분교장 학구,충주시학교군(추첨),,,충일중(남)/충주미덕중(남)/충주북여자중(북여중)/충주여자중(여중)/충주예성여자중(예성여중)/충주중앙중/충주중(남)/칠금중/탄금중
수회초,살미면,살미면,문강리,문산리/강진리,,,,,,,충주시학교군(추첨),,,충일중(남)/충주미덕중(남)/충주북여자중(북여중)/충주여자중(여중)/충주예성여자중(예성여중)/충주중앙중/충주중(남)/칠금중/탄금중
수회초,살미면,살미면,토계리,토계리,,,,,,,충주시학교군(추첨),,,충일중(남)/충주미덕중(남)/충주북여자중(북여중)/충주여자중(여중)/충주예성여자중(예성여중)/충주중앙중/충주중(남)/칠금중/탄금중
수회초,호암·직동,호암동,4통,3반,,,,,충주남한강초(큰학교)/세성초/수안보초/달천초매현분교장/단월초/달천초,,충주시학교군(추첨),,,충일중(남)/충주미덕중(남)/충주북여자중(북여중)/충주여자중(여중)/충주예성여자중(예성여중)/충주중앙중/충주중(남)/칠금중/탄금중
수회초,호암·직동,호암동,29통/30통/31통/32통/33통/34통/35통/36통/37통/38통/39통/40통/41통,,,,,,충주남한강초(큰학교)/세성초/수안보초/달천초매현분교장/단월초/달천초,,충주시학교군(추첨),,,충일중(남)/충주미덕중(남)/충주북여자중(북여중)/충주여자중(여중)/충주예성여자중(예성여중)/충주중앙중/충주중(남)/칠금중/탄금중
앙성초,앙성면,앙성면,영죽리,상영죽/음촌/양촌/후곡,,,,,,,앙성중학구,,,
앙성초,앙성면,앙성면,강천리,강정/서음,,,,,,,앙성중학구,강원도부론중학구(강천리서음),,
앙성초,앙성면,앙성면,단암리,만락/검단/의암,,,,,,,앙성중학구,강원도부론중학구,,
앙성초,앙성면,앙성면,중전리,중방곡/저전,,,,,,,앙성중학구,강원도부론중학구(중전리중방곡),,
앙성초,앙성면,앙성면,모점리,동막/모정,,,,,,,앙성중학구,,,
앙성초,앙성면,앙성면,목미리,학미/하율,,,,,,,앙성중학구,,,
앙성초,앙성면,앙성면,지당리,상대촌/삼당,,,,,,,앙성중학구,,,
앙성초,앙성면,앙성면,본평리,당평/유량/본복,,,,,,,앙성중학구,,,
앙성초,앙성면,앙성면,용포리,용당/월포/갈치/한도,,,,,,,앙성중학구,,,
앙성초,앙성면,앙성면,용대리,신내/하남/궁평,,,,,,,앙성중학구,,,
앙성초,앙성면,앙성면,사미리,사미,,,,,,,앙성중학구,,,
앙성초,앙성면,앙성면,마련리,마장/연동,,,,,,,앙성중학구,,,
앙성초,앙성면,앙성면,돈산리,돈담/산전/동암,,,,,,,앙성중학구,,,
앙성초,앙성면,앙성면,능암리,능동/대평촌,,,,,,,앙성중학구,,,
앙성초,앙성면,앙성면,조천리,조천,,,,,,,앙성중학구,,,
앙성초,중앙탑면,중앙탑면,탑평리,반천/인담/탑정/응동,,,,,충주중앙탑초(큰학교)/가흥초/노은초/덕신초/소태초/오석초/용원초/주덕초,,중앙탑중학구,,노은중학구/신니중학구/신명중학구,
앙성초,중앙탑면,중앙탑면,하구암리,묘곡/중구,,,,,충주중앙탑초(큰학교)/가흥초/노은초/덕신초/소태초/오석초/용원초/주덕초,,중앙탑중학구,,노은중학구/신니중학구/신명중학구,
앙성초,중앙탑면,중앙탑면,하구암리,상구,,,,,충주중앙탑초(큰학교)/가흥초/노은초/덕신초/소태초/오석초/용원초/주덕초,,노은중학구,,,
앙성초,중앙탑면,중앙탑면,용전리,갈동/법현/입석/갈동1~갈동16,,,"미진이지비아,충주시티자이,이편한세상,신우희가로,코아루더테라스,서충주한화포레나 아파트",,충주중앙탑초(큰학교)/가흥초/노은초/덕신초/소태초/오석초/용원초/주덕초,,중앙탑중학구,,노은중학구/신니중학구/신명중학구,
앙성초,중앙탑면,중앙탑면,루암리,두련/신촌/소일,,,,충주중앙탑초/탄금초,가흥초/노은초/덕신초/소태초/오석초/용원초/주덕초,,중앙탑중학구,충주시학교군(추첨),노은중학구/신니중학구/신명중학구,
엄정초,엄정면,엄정면,추평리,탑평/직동/추동,,,,,,,신명중학구,,,
엄정초,엄정면,엄정면,원곡리,옥성/하일,,,,,,,신명중학구,,,
엄정초,엄정면,엄정면,유봉리,유봉,,,,,,,신명중학구,,,
엄정초,엄정면,엄정면,가춘리,춘문/가양/주동,,,,,,,신명중학구,,,
엄정초,엄정면,엄정면,용산리,향림/토산,,,,,,,신명중학구,,,
엄정초,엄정면,엄정면,율능리,율리/노곡,,,,,,,신명중학구,,,
엄정초,엄정면,엄정면,목계리,목계1(서계)/목계2(내계),,,,,,,신명중학구,,,
엄정초,엄정면,엄정면,논강리,강현/논동,,,,,,,신명중학구,,,
엄정초,엄정면,엄정면,미내리,시장/내동/미곡,,,,,,,신명중학구,,,
엄정초,엄정면,엄정면,신만리,도룡/탄방/족동,,,,,,,신명중학구,,,
엄정초,엄정면,엄정면,괴동리,내창/비석/행정,,,,,,,신명중학구,,,
엄정초,소태면,소태면,주치리,은대/하남/야촌,,,,소태초,,외촌- 강원도 귀래초 학구,신명중학구,강원도귀래중학구(주치리외촌),,
엄정초,소태면,소태면,구룡리,구룡/송전,,,,,,,신명중학구,,,
엄정초,소태면,소태면,야동리,야곡/가정,,,,,,,신명중학구,,,
엄정초,소태면,소태면,동막리,동막,,,,,,,신명중학구,,,
엄정초,소태면,소태면,양촌리,송곡/월촌/선창,,,,,,,신명중학구,,,
엄정초,교현·안림동,교현동,13통/14통,,,,,국원초/충주교현초,대미초/산척초,,충주시학교군(추첨),,,충일중(남)/충주미덕중(남)/충주북여자중(북여중)/충주여자중(여중)/충주예성여자중(예성여중)/충주중앙중/충주중(남)/칠금중/탄금중
엄정초,교현·안림동,교현동,15통,3반/4반,,제외- 야현1길 동북쪽/갱고개길 서쪽지역,,국원초/충주교현초,대미초/산척초,야현1길 동북쪽/갱고개길 서쪽지역- 충주교현초 학구,충주시학교군(추첨),,,충일중(남)/충주미덕중(남)/충주북여자중(북여중)/충주여자중(여중)/충주예성여자중(예성여중)/충주중앙중/충주중(남)/칠금중/탄금중
엄정초,교현·안림동,안림동,3통,1반/2반/3반/4반/5반/6반,,,,국원초/충주교현초/충주성남초,대미초/산척초,,충주시학교군(추첨),,,충일중(남)/충주미덕중(남)/충주북여자중(북여중)/충주여자중(여중)/충주예성여자중(예성여중)/충주중앙중/충주중(남)/칠금중/탄금중
엄정초,교현·안림동,안림동,9통/10통,,,,충주엘리시아아파트,국원초/연수초,대미초/산척초,,충주시학교군(추첨),,,충일중(남)/충주미덕중(남)/충주북여자중(북여중)/충주여자중(여중)/충주예성여자중(예성여중)/충주중앙중/충주중(남)/칠금중/탄금중
엄정초,교현·안림동,안림동,11통/12통/13통/14통/15통/16통,,,제외- 13통 4반 중 952-22/952-25,충주안림LH천년나무아파트1/2단지/충주2차푸르지오아파트,국원초/충주교현초,대미초/산척초,13통 4반 중 952-22/952-25(충주안림LH천년나무2단지아파트202동104호~1204호/105호~1205호/106호~1206호)- 국원초/연수초 공동학구 및 대미초/산척초 공동(일방)학구,충주시학교군(추첨),,,충일중(남)/충주미덕중(남)/충주북여자중(북여중)/충주여자중(여중)/충주예성여자중(예성여중)/충주중앙중/충주중(남)/칠금중/탄금중
엄정초,교현·안림동,안림동,13통,4반,952-22번지/952-25번지,,충주안림LH천년나무아파트2단지202동104호~1204호/105호~1205호/106호~1206호,국원초/연수초,대미초/산척초,,충주시학교군(추첨),,,충일중(남)/충주미덕중(남)/충주북여자중(북여중)/충주여자중(여중)/충주예성여자중(예성여중)/충주중앙중/충주중(남)/칠금중/탄금중
엄정초,연수동,연수동,44통/45통/46통/56통/57통/58통,,,,유원1차아파트/2차아파트,국원초/연수초,대미초/산척초,,충주시학교군(추첨),,,충일중(남)/충주미덕중(남)/충주북여자중(북여중)/충주여자중(여중)/충주예성여자중(예성여중)/충주중앙중/충주중(남)/칠금중/탄금중
엄정초,연수동,연수동,78통/79통/80통,,,,연수힐스테이트아파트,국원초/연수초,대미초/산척초,,충주시학교군(추첨),,,충일중(남)/충주미덕중(남)/충주북여자중(북여중)/충주여자중(여중)/충주예성여자중(예성여중)/충주중앙중/충주중(남)/칠금중/탄금중
엄정초,연수동,연수동,81통/82통/85통/86통,,,,연수리슈빌아파트,국원초/연수초,대미초/산척초,,충주시학교군(추첨),,,충일중(남)/충주미덕중(남)/충주북여자중(북여중)/충주여자중(여중)/충주예성여자중(예성여중)/충주중앙중/충주중(남)/칠금중/탄금중
오석초,금가면,금가면,문산리,신대1/문곡,,,,,,,중원중학구,,,
오석초,금가면,금가면,문산리,신대2리/신대3리,,,은성아파트100/101/102/103/104/105/106/107/108/109/110/201/202/203/204/205/206/207/208/209/한사랑아파트501/502/503/504/505/506/507/508/509/510/한사랑마을아파트301/302/303/304/305/306/307/308/309/310/311/312,금가초/대미초,,,중원중학구,,,
오석초,금가면,금가면,유송리,반송/화동,,,,,,,중원중학구,,,
오석초,금가면,금가면,오석리,모산/석교,,,,,,,중원중학구,,,
오석초,금가면,금가면,원포리,종포,,,,,,,중원중학구,,,
오석초,중앙탑면,중앙탑면,탑평리,반천/인담/탑정/응동,,,,,충주중앙탑초(큰학교)/가흥초/노은초/덕신초/소태초/앙성초/용원초/주덕초,,중앙탑중학구,,노은중학구/신니중학구/신명중학구,
오석초,중앙탑면,중앙탑면,하구암리,묘곡/중구,,,,,충주중앙탑초(큰학교)/가흥초/노은초/덕신초/소태초/앙성초/용원초/주덕초,,중앙탑중학구,,노은중학구/신니중학구/신명중학구,
오석초,중앙탑면,중앙탑면,하구암리,상구,,,,,충주중앙탑초(큰학교)/가흥초/노은초/덕신초/소태초/앙성초/용원초/주덕초,,노은중학구,,,
오석초,중앙탑면,중앙탑면,용전리,갈동/법현/입석/갈동1-갈동16,,,"미진이지비아,충주시티자이,이편한세상,신우희가로,코아루더테라스,서충주한화포레나 아파트",,충주중앙탑초(큰학교)/가흥초/노은초/덕신초/소태초/앙성초/용원초/주덕초,,중앙탑중학구,,노은중학구/신니중학구/신명중학구,
오석초,중앙탑면,중앙탑면,루암리,두련/신촌/소일,,,,충주중앙탑초/탄금초,가흥초/노은초/덕신초/소태초/앙성초/용원초/주덕초,,중앙탑중학구,충주시학교군(추첨),노은중학구/신니중학구/신명중학구,충일중(남)/충주미덕중(남)/충주북여자중(북여중)/충주여자중(여중)/충주예성여자중(예성여중)/충주중앙중/충주중(남)/칠금중/탄금중
용원초,신니면,신니면,용원리,외용1/외용2/내용,,,,,,,신니중학구,,,
용원초,신니면,신니면,신청리,수청/신의/신단,,,,,,,신니중학구,,,
용원초,신니면,신니면,화석리,화심/방추,,,,,,,신니중학구,,,
용원초,신니면,신니면,문숭리,내포,,,,,,숭선- 용원초동락분교 학구,신니중학구,,,
용원초,신니면,신니면,선당리,선당,,,,,,,신니중학구,,,
용원초,신니면,신니면,원평리,원평,,,,,,,신니중학구,,,
용원초,신니면,신니면,마수리,마제/신석,,,,,,,신니중학구,,,
용원초,신니면,신니면,견학리,학성,,,,,,향촌1/향촌2- 주덕초 학구,신니중학구,,,
용원초,주덕읍,주덕읍,대곡리,석포,,,,주덕초,,,주덕중학구,,,
용원초,주덕읍,주덕읍,당우리,석우,,,,덕신초,,,신니중학구,,,
용원초,중앙탑면,중앙탑면,탑평리,반천/인담/탑정/응동,,,,,"충주중앙탑초(큰학교)/가흥초/노은초/덕신초/소태초/
앙성초/오석초/주덕초",,중앙탑중학구,,노은중학구/신니중학구/신명중학구,
용원초,중앙탑면,중앙탑면,하구암리,묘곡/중구,,,,,충주중앙탑초(큰학교)/가흥초/노은초/덕신초/소태초/앙성초/오석초/주덕초,,중앙탑중학구,,노은중학구/신니중학구/신명중학구,
용원초,중앙탑면,중앙탑면,하구암리,상구,,,,,충주중앙탑초(큰학교)/가흥초/노은초/덕신초/소태초/앙성초/오석초/주덕초,,노은중학구,,,
용원초,중앙탑면,중앙탑면,용전리,갈동/법현/입석/갈동1~갈동16,,,"미진이지비아,충주시티자이,이편한세상,신우희가로,코아루더테라스,서충주한화포레나 아파트",,충주중앙탑초(큰학교)/가흥초/노은초/덕신초/소태초/앙성초/오석초/주덕초,,중앙탑중학구,,노은중학구/신니중학구/신명중학구,
용원초,중앙탑면,중앙탑면,루암리,두련/신촌/소일,,,,충주중앙탑초/탄금초,가흥초/노은초/덕신초/소태초/앙성초/오석초/주덕초,,중앙탑중학구,충주시학교군(추첨),노은중학구/신니중학구/신명중학구,충일중(남)/충주미덕중(남)/충주북여자중(북여중)/충주여자중(여중)/충주예성여자중(예성여중)/충주중앙중/충주중(남)/칠금중/탄금중
용원초동락분교장,신니면,신니면,문숭리,숭선,,,,,,내포- 용원초 학구,신니중학구,,,
용원초동락분교장,신니면,신니면,문락리,화문/동락,,,,,,,신니중학구,,,
용원초동락분교장,신니면,신니면,모남리,남악/도원,,,,,,,신니중학구,,,
용원초동락분교장,신니면,신니면,광월리,수월/광벌,,,,,,,신니중학구,,,
용원초동락분교장,신니면,신니면,대화리,동화/화치,,,,,,,신니중학구,,,
용원초동락분교장,신니면,신니면,송암리,송암,,,,,,,신니중학구,,,
충주대소원초,대소원면,대소원면,대소리,대소1/대소2/대소3/마치,,,,,,,충주대소원중학구,,,
충주대소원초,대소원면,대소원면,금곡리,상금곡/하금곡,,,,,,,충주대소원중학구,,,
충주대소원초,대소원면,대소원면,장성리,성종1/성종2/부연,,,,,,,충주대소원중학구,,,
충주대소원초,대소원면,대소원면,만정리,황대,,,,,,만적/독정1/독정2- 달천초 학구,충주시학교군(추첨),,,충일중(남)/충주미덕중(남)/충주북여자중(북여중)/충주여자중(여중)/충주예성여자중(예성여중)/충주중앙중/충주중(남)/칠금중/탄금중
충주대소원초,대소원면,대소원면,완오리,가정/거리/신촌/흑평,,,,,,,충주대소원중학구,,,
충주대소원초,대소원면,대소원면,본리,독동/노계/당저1~당저5,,,,,,,충주대소원중학구,,,
충주대소원초,대소원면,대소원면,영평리,영평1/영평2,,,,,,,충주대소원중학구,,,
충주중앙탑초,중앙탑면,중앙탑면,탑평리,반천/인담/탑정/응동,,,,,가흥초/노은초/덕신초/소태초/앙성초/오석초/용원초/주덕초,,중앙탑중학구,,노은중학구/신니중학구/신명중학구,
충주중앙탑초,중앙탑면,중앙탑면,하구암리,묘곡/중구,,,,,가흥초/노은초/덕신초/소태초/앙성초/오석초/용원초/주덕초,,중앙탑중학구,,노은중학구/신니중학구/신명중학구,
충주중앙탑초,중앙탑면,중앙탑면,하구암리,상구,,,,,가흥초/노은초/덕신초/소태초/앙성초/오석초/용원초/주덕초,,노은중학구,,,
충주중앙탑초,중앙탑면,중앙탑면,용전리,입석/갈동/갈동1~갈동16/법현,,,"미진이지비아,충주시티자이,이편한세상,신우희가로,코아루더테라스,서충주한화포레나 아파트",,가흥초/노은초/덕신초/소태초/앙성초/오석초/용원초/주덕초,,중앙탑중학구,,노은중학구/신니중학구/신명중학구,
충주중앙탑초,중앙탑면,중앙탑면,루암리,두련/신촌/소일,,,,탄금초,가흥초/노은초/덕신초/소태초/앙성초/오석초/용원초/주덕초,,중앙탑중학구,충주시학교군(추첨),노은중학구/신니중학구/신명중학구,충일중(남)/충주미덕중(남)/충주북여자중(북여중)/충주여자중(여중)/충주예성여자중(예성여중)/충주중앙중/충주중(남)/칠금중/탄금중
덕신초,주덕읍,주덕읍,화곡리,원화곡/계막,,,,주덕초,,,주덕중학구,,,
덕신초,주덕읍,주덕읍,사락리,원사락/엄동/매남,,,,,,,주덕중학구,,,
덕신초,주덕읍,주덕읍,제내리,풍덕/성동,,,,,,,주덕중학구,,,
덕신초,주덕읍,주덕읍,장록리,원장록/봉천/지내,,,,,,,주덕중학구,,,
덕신초,주덕읍,주덕읍,덕련리,창동/조동,,,,,,,주덕중학구,,,
덕신초,주덕읍,주덕읍,당우리,원당우/유동,,,,,,,주덕중학구,,,
덕신초,주덕읍,주덕읍,당우리,석우,,,,용원초,,,신니중학구,,,
덕신초,중앙탑면,중앙탑면,탑평리,탑정/인담/반천/응동,,,,,충주중앙탑초(큰학교)/가흥초/노은초/소태초/앙성초/오석초/용원초/주덕초,,중앙탑중학구,,노은중학구/신니중학구/신명중학구,
덕신초,중앙탑면,중앙탑면,하구암리,묘곡/중구,,,,,충주중앙탑초(큰학교)/가흥초/노은초/소태초/앙성초/오석초/용원초/주덕초,,중앙탑중학구,,노은중학구/신니중학구/신명중학구,
덕신초,중앙탑면,중앙탑면,하구암리,상구,,,,,충주중앙탑초(큰학교)/가흥초/노은초/소태초/앙성초/오석초/용원초/주덕초,,노은중학구,,,
덕신초,중앙탑면,중앙탑면,용전리,갈동/법현/입석/갈동1~갈동16,,,"미진이지비아,충주시티자이,이편한세상,신우희가로,코아루더테라스,서충주한화포레나 아파트",,충주중앙탑초(큰학교)/가흥초/노은초/소태초/앙성초/오석초/용원초/주덕초,,중앙탑중학구,,노은중학구/신니중학구/신명중학구,
덕신초,중앙탑면,중앙탑면,루암리,두련/신촌/소일,,,,충주중앙탑초/탄금초,가흥초/노은초/소태초/앙성초/오석초/용원초/주덕초,,중앙탑중학구,충주시학교군(추첨),노은중학구/신니중학구/신명중학구,충일중(남)/충주미덕중(남)/충주북여자중(북여중)/충주여자중(여중)/충주예성여자중(예성여중)/충주중앙중/충주중(남)/칠금중/탄금중
주덕초,주덕읍,주덕읍,대곡리,월암/큰골/동산미/창동/맹골/석포,,,,용원초 [해당- 석포],,,주덕중학구,,,
주덕초,주덕읍,주덕읍,삼청리,청양/미락/능촌/묵동/삼방,,,,,,,주덕중학구,,,
주덕초,주덕읍,주덕읍,신양리,마치1/마치2/신양1~신양5,,,,,,,주덕중학구,,,
주덕초,주덕읍,주덕읍,신중리,원신중/신촌1/신촌2,,,,,,,주덕중학구,,,
주덕초,주덕읍,주덕읍,창전리,창전1/창전4/창천5,,,,,,,주덕중학구,,,
주덕초,주덕읍,주덕읍,화곡리,여우네/원화곡/곰실/계막/구야,,,,덕신초 [해당- 계막/원화곡],,,주덕중학구,,,
주덕초,신니면,신니면,견학리,향촌1/향촌2,,,,,,학성- 용원초 학구,주덕중학구,,,
주덕초,중앙탑면,중앙탑면,탑평리,탑정/인담/반천/응동,,,,,충주중앙탑초(큰학교)/가흥초/노은초/덕신초/소태초/앙성초/오석초/용원초,,중앙탑중학구,,노은중학구/신니중학구/신명중학구,
주덕초,중앙탑면,중앙탑면,하구암리,묘곡/중구,,,,,충주중앙탑초(큰학교)/가흥초/노은초/덕신초/소태초/앙성초/오석초/용원초,,중앙탑중학구,,노은중학구/신니중학구/신명중학구,
주덕초,중앙탑면,중앙탑면,하구암리,상구,,,,,충주중앙탑초(큰학교)/가흥초/노은초/덕신초/소태초/앙성초/오석초/용원초,,노은중학구,,,
주덕초,중앙탑면,중앙탑면,용전리,갈동/법현/입석/갈동1~갈동16,,,"미진이지비아,충주시티자이,이편한세상,신우희가로,코아루더테라스,서충주한화포레나 아파트",,충주중앙탑초(큰학교)/가흥초/노은초/덕신초/소태초/앙성초/오석초/용원초,,중앙탑중학구,,노은중학구/신니중학구/신명중학구,
주덕초,중앙탑면,중앙탑면,루암리,두련/신촌/소일,,,,충주중앙탑초/탄금초,가흥초/노은초/덕신초/소태초/앙성초/오석초/용원초,,중앙탑중학구,충주시학교군(추첨),노은중학구/신니중학구/신명중학구,충일중(남)/충주미덕중(남)/충주북여자중(북여중)/충주여자중(여중)/충주예성여자중(예성여중)/충주중앙중/충주중(남)/칠금중/탄금중
주덕화곡초,주덕읍,주덕읍,화곡리,화곡3리/화곡4리/화곡5리/화곡6리/화곡7리/화곡8리/화곡9리,,,서충주신도시삼일파라뷰아파트1/2차/서충주푸르지오더퍼스트아파트/서충주시그니처시티아파트,,,,주덕중학구,,,
